Group,User,Time,Approvals,Student,Section,Construct,Question,MainFactor,Outcome,Complexity,UsageFrequency
1,5ebabd40d9ef2902351e4445,2894.0,288,TRUE,lambda,lambda,Q1,f,TRUE,0,2
1,5ebabd40d9ef2902351e4445,2894.0,288,TRUE,lambda,lambda,Q2,p,TRUE,3,2
1,5ebabd40d9ef2902351e4445,2894.0,288,TRUE,comp,comp,Q3,f,FALSE,1,3
1,5ebabd40d9ef2902351e4445,2894.0,288,TRUE,comp,comp,Q4,p,TRUE,2,3
1,5ebabd40d9ef2902351e4445,2894.0,288,TRUE,mrf,filter,Q5,f,FALSE,,4
1,5ebabd40d9ef2902351e4445,2894.0,288,TRUE,mrf,map,Q6,p,TRUE,,4
1,5f3e52355f3b5d02fe4dcf61,2152.0,249,TRUE,lambda,lambda,Q1,f,TRUE,0,2
1,5f3e52355f3b5d02fe4dcf61,2152.0,249,TRUE,lambda,lambda,Q2,p,TRUE,3,2
1,5f3e52355f3b5d02fe4dcf61,2152.0,249,TRUE,comp,comp,Q3,f,FALSE,1,3
1,5f3e52355f3b5d02fe4dcf61,2152.0,249,TRUE,comp,comp,Q4,p,TRUE,2,3
1,5f3e52355f3b5d02fe4dcf61,2152.0,249,TRUE,mrf,filter,Q5,f,FALSE,,2
1,5f3e52355f3b5d02fe4dcf61,2152.0,249,TRUE,mrf,map,Q6,p,FALSE,,2
1,5f468185fdf3cf046a287a2d,4516.0,225,TRUE,lambda,lambda,Q1,f,TRUE,0,1
1,5f468185fdf3cf046a287a2d,4516.0,225,TRUE,lambda,lambda,Q2,p,TRUE,3,1
1,5f468185fdf3cf046a287a2d,4516.0,225,TRUE,comp,comp,Q3,f,FALSE,1,4
1,5f468185fdf3cf046a287a2d,4516.0,225,TRUE,comp,comp,Q4,p,TRUE,2,4
1,5f468185fdf3cf046a287a2d,4516.0,225,TRUE,mrf,filter,Q5,f,FALSE,,1
1,5f468185fdf3cf046a287a2d,4516.0,225,TRUE,mrf,map,Q6,p,TRUE,,1
1,60b7b8126c0c4524e913236e,3189.0,470,TRUE,lambda,lambda,Q1,f,TRUE,0,3
1,60b7b8126c0c4524e913236e,3189.0,470,TRUE,lambda,lambda,Q2,p,TRUE,3,3
1,60b7b8126c0c4524e913236e,3189.0,470,TRUE,comp,comp,Q3,f,FALSE,1,3
1,60b7b8126c0c4524e913236e,3189.0,470,TRUE,comp,comp,Q4,p,TRUE,2,3
1,60b7b8126c0c4524e913236e,3189.0,470,TRUE,mrf,filter,Q5,f,FALSE,,3
1,60b7b8126c0c4524e913236e,3189.0,470,TRUE,mrf,map,Q6,p,FALSE,,3
1,610b25431ef1cc4968a3f7d4,2550.0,144,TRUE,lambda,lambda,Q1,f,TRUE,0,1
1,610b25431ef1cc4968a3f7d4,2550.0,144,TRUE,lambda,lambda,Q2,p,TRUE,3,1
1,610b25431ef1cc4968a3f7d4,2550.0,144,TRUE,comp,comp,Q3,f,TRUE,1,4
1,610b25431ef1cc4968a3f7d4,2550.0,144,TRUE,comp,comp,Q4,p,TRUE,2,4
1,610b25431ef1cc4968a3f7d4,2550.0,144,TRUE,mrf,filter,Q5,f,FALSE,,1
1,610b25431ef1cc4968a3f7d4,2550.0,144,TRUE,mrf,map,Q6,p,FALSE,,1
1,6155f68ab83f21ebddde2745,1261.0,33,TRUE,lambda,lambda,Q1,f,TRUE,0,2
1,6155f68ab83f21ebddde2745,1261.0,33,TRUE,lambda,lambda,Q2,p,TRUE,3,2
1,6155f68ab83f21ebddde2745,1261.0,33,TRUE,comp,comp,Q3,f,FALSE,1,2
1,6155f68ab83f21ebddde2745,1261.0,33,TRUE,comp,comp,Q4,p,FALSE,2,2
1,6155f68ab83f21ebddde2745,1261.0,33,TRUE,mrf,filter,Q5,f,FALSE,,2
1,6155f68ab83f21ebddde2745,1261.0,33,TRUE,mrf,map,Q6,p,TRUE,,2
1,60199372bd48490e12a0d92e,1386.0,279,TRUE,lambda,lambda,Q1,f,TRUE,0,2
1,60199372bd48490e12a0d92e,1386.0,279,TRUE,lambda,lambda,Q2,p,TRUE,3,2
1,60199372bd48490e12a0d92e,1386.0,279,TRUE,comp,comp,Q3,f,TRUE,1,3
1,60199372bd48490e12a0d92e,1386.0,279,TRUE,comp,comp,Q4,p,TRUE,2,3
1,60199372bd48490e12a0d92e,1386.0,279,TRUE,mrf,filter,Q5,f,FALSE,,1
1,60199372bd48490e12a0d92e,1386.0,279,TRUE,mrf,map,Q6,p,FALSE,,1
1,5c93bd73642b0c00172314eb,3120.0,450,TRUE,lambda,lambda,Q1,f,TRUE,0,3
1,5c93bd73642b0c00172314eb,3120.0,450,TRUE,lambda,lambda,Q2,p,FALSE,3,3
1,5c93bd73642b0c00172314eb,3120.0,450,TRUE,comp,comp,Q3,f,TRUE,1,2
1,5c93bd73642b0c00172314eb,3120.0,450,TRUE,comp,comp,Q4,p,TRUE,2,2
1,5c93bd73642b0c00172314eb,3120.0,450,TRUE,mrf,filter,Q5,f,FALSE,,2
1,5c93bd73642b0c00172314eb,3120.0,450,TRUE,mrf,map,Q6,p,TRUE,,2
1,5c842b246a4b9b0014c84c30,4664.0,256,TRUE,lambda,lambda,Q1,f,TRUE,0,1
1,5c842b246a4b9b0014c84c30,4664.0,256,TRUE,lambda,lambda,Q2,p,TRUE,3,1
1,5c842b246a4b9b0014c84c30,4664.0,256,TRUE,comp,comp,Q3,f,TRUE,1,2
1,5c842b246a4b9b0014c84c30,4664.0,256,TRUE,comp,comp,Q4,p,TRUE,2,2
1,5c842b246a4b9b0014c84c30,4664.0,256,TRUE,mrf,filter,Q5,f,FALSE,,1
1,5c842b246a4b9b0014c84c30,4664.0,256,TRUE,mrf,map,Q6,p,TRUE,,1
1,5d5575339025920017fd271f,1956.0,529,TRUE,lambda,lambda,Q1,f,TRUE,0,3
1,5d5575339025920017fd271f,1956.0,529,TRUE,lambda,lambda,Q2,p,TRUE,3,3
1,5d5575339025920017fd271f,1956.0,529,TRUE,comp,comp,Q3,f,FALSE,1,2
1,5d5575339025920017fd271f,1956.0,529,TRUE,comp,comp,Q4,p,TRUE,2,2
1,5d5575339025920017fd271f,1956.0,529,TRUE,mrf,filter,Q5,f,FALSE,,2
1,5d5575339025920017fd271f,1956.0,529,TRUE,mrf,map,Q6,p,TRUE,,2
1,5eeb40268b898027a055bfa3,3216.0,212,TRUE,lambda,lambda,Q1,f,FALSE,0,1
1,5eeb40268b898027a055bfa3,3216.0,212,TRUE,lambda,lambda,Q2,p,TRUE,3,1
1,5eeb40268b898027a055bfa3,3216.0,212,TRUE,comp,comp,Q3,f,FALSE,1,2
1,5eeb40268b898027a055bfa3,3216.0,212,TRUE,comp,comp,Q4,p,TRUE,2,2
1,5eeb40268b898027a055bfa3,3216.0,212,TRUE,mrf,filter,Q5,f,FALSE,,1
1,5eeb40268b898027a055bfa3,3216.0,212,TRUE,mrf,map,Q6,p,FALSE,,1
1,5f19dc86afa07c0894f60578,2292.0,353,TRUE,lambda,lambda,Q1,f,TRUE,0,2
1,5f19dc86afa07c0894f60578,2292.0,353,TRUE,lambda,lambda,Q2,p,TRUE,3,2
1,5f19dc86afa07c0894f60578,2292.0,353,TRUE,comp,comp,Q3,f,FALSE,1,2
1,5f19dc86afa07c0894f60578,2292.0,353,TRUE,comp,comp,Q4,p,TRUE,2,2
1,5f19dc86afa07c0894f60578,2292.0,353,TRUE,mrf,filter,Q5,f,FALSE,,3
1,5f19dc86afa07c0894f60578,2292.0,353,TRUE,mrf,map,Q6,p,TRUE,,3
1,5fba83fae62120a5dbb4a83c,1923.0,72,TRUE,lambda,lambda,Q1,f,TRUE,0,2
1,5fba83fae62120a5dbb4a83c,1923.0,72,TRUE,lambda,lambda,Q2,p,TRUE,3,2
1,5fba83fae62120a5dbb4a83c,1923.0,72,TRUE,comp,comp,Q3,f,FALSE,1,2
1,5fba83fae62120a5dbb4a83c,1923.0,72,TRUE,comp,comp,Q4,p,TRUE,2,2
1,5fba83fae62120a5dbb4a83c,1923.0,72,TRUE,mrf,filter,Q5,f,FALSE,,2
1,5fba83fae62120a5dbb4a83c,1923.0,72,TRUE,mrf,map,Q6,p,TRUE,,2
1,63d6d82c373e6d874185cfb9,1748.0,32,TRUE,lambda,lambda,Q1,f,TRUE,0,3
1,63d6d82c373e6d874185cfb9,1748.0,32,TRUE,lambda,lambda,Q2,p,TRUE,3,3
1,63d6d82c373e6d874185cfb9,1748.0,32,TRUE,comp,comp,Q3,f,FALSE,1,2
1,63d6d82c373e6d874185cfb9,1748.0,32,TRUE,comp,comp,Q4,p,TRUE,2,2
1,63d6d82c373e6d874185cfb9,1748.0,32,TRUE,mrf,filter,Q5,f,FALSE,,1
1,63d6d82c373e6d874185cfb9,1748.0,32,TRUE,mrf,map,Q6,p,TRUE,,1
1,602fda3f198a20d52932a9a3,1252.0,120,TRUE,lambda,lambda,Q1,f,TRUE,0,1
1,602fda3f198a20d52932a9a3,1252.0,120,TRUE,lambda,lambda,Q2,p,TRUE,3,1
1,602fda3f198a20d52932a9a3,1252.0,120,TRUE,comp,comp,Q3,f,FALSE,1,2
1,602fda3f198a20d52932a9a3,1252.0,120,TRUE,comp,comp,Q4,p,TRUE,2,2
1,602fda3f198a20d52932a9a3,1252.0,120,TRUE,mrf,filter,Q5,f,FALSE,,2
1,602fda3f198a20d52932a9a3,1252.0,120,TRUE,mrf,map,Q6,p,TRUE,,2
1,610bb9c0c502bc7d0b4650f6,2574.0,242,TRUE,lambda,lambda,Q1,f,TRUE,0,2
1,610bb9c0c502bc7d0b4650f6,2574.0,242,TRUE,lambda,lambda,Q2,p,TRUE,3,2
1,610bb9c0c502bc7d0b4650f6,2574.0,242,TRUE,comp,comp,Q3,f,FALSE,1,2
1,610bb9c0c502bc7d0b4650f6,2574.0,242,TRUE,comp,comp,Q4,p,TRUE,2,2
1,610bb9c0c502bc7d0b4650f6,2574.0,242,TRUE,mrf,filter,Q5,f,FALSE,,3
1,610bb9c0c502bc7d0b4650f6,2574.0,242,TRUE,mrf,map,Q6,p,TRUE,,3
1,600748a1b339b612f9da537f,2944.0,201,TRUE,lambda,lambda,Q1,f,TRUE,0,3
1,600748a1b339b612f9da537f,2944.0,201,TRUE,lambda,lambda,Q2,p,TRUE,3,3
1,600748a1b339b612f9da537f,2944.0,201,TRUE,comp,comp,Q3,f,FALSE,1,4
1,600748a1b339b612f9da537f,2944.0,201,TRUE,comp,comp,Q4,p,FALSE,2,4
1,600748a1b339b612f9da537f,2944.0,201,TRUE,mrf,filter,Q5,f,FALSE,,2
1,600748a1b339b612f9da537f,2944.0,201,TRUE,mrf,map,Q6,p,TRUE,,2
1,5df50a49a98a7a3924e4137e,74021.0,610,TRUE,lambda,lambda,Q1,f,TRUE,0,3
1,5df50a49a98a7a3924e4137e,74021.0,610,TRUE,lambda,lambda,Q2,p,FALSE,3,3
1,5df50a49a98a7a3924e4137e,74021.0,610,TRUE,comp,comp,Q3,f,FALSE,1,3
1,5df50a49a98a7a3924e4137e,74021.0,610,TRUE,comp,comp,Q4,p,FALSE,2,3
1,5df50a49a98a7a3924e4137e,74021.0,610,TRUE,mrf,filter,Q5,f,FALSE,,1
1,5df50a49a98a7a3924e4137e,74021.0,610,TRUE,mrf,map,Q6,p,FALSE,,1
1,5f3c8a006375d854f90d73a7,2975.0,445,TRUE,lambda,lambda,Q1,f,TRUE,0,1
1,5f3c8a006375d854f90d73a7,2975.0,445,TRUE,lambda,lambda,Q2,p,TRUE,3,1
1,5f3c8a006375d854f90d73a7,2975.0,445,TRUE,comp,comp,Q3,f,TRUE,1,2
1,5f3c8a006375d854f90d73a7,2975.0,445,TRUE,comp,comp,Q4,p,TRUE,2,2
1,5f3c8a006375d854f90d73a7,2975.0,445,TRUE,mrf,filter,Q5,f,FALSE,,2
1,5f3c8a006375d854f90d73a7,2975.0,445,TRUE,mrf,map,Q6,p,TRUE,,2
1,5f1981ee85497f00091cc2b1,2170.0,99,TRUE,lambda,lambda,Q1,f,TRUE,0,2
1,5f1981ee85497f00091cc2b1,2170.0,99,TRUE,lambda,lambda,Q2,p,TRUE,3,2
1,5f1981ee85497f00091cc2b1,2170.0,99,TRUE,comp,comp,Q3,f,TRUE,1,4
1,5f1981ee85497f00091cc2b1,2170.0,99,TRUE,comp,comp,Q4,p,TRUE,2,4
1,5f1981ee85497f00091cc2b1,2170.0,99,TRUE,mrf,filter,Q5,f,FALSE,,4
1,5f1981ee85497f00091cc2b1,2170.0,99,TRUE,mrf,map,Q6,p,TRUE,,4
1,59dbbdce5de9b000017ebf19,4124.0,389,TRUE,lambda,lambda,Q1,f,TRUE,0,1
1,59dbbdce5de9b000017ebf19,4124.0,389,TRUE,lambda,lambda,Q2,p,FALSE,3,1
1,59dbbdce5de9b000017ebf19,4124.0,389,TRUE,comp,comp,Q3,f,TRUE,1,2
1,59dbbdce5de9b000017ebf19,4124.0,389,TRUE,comp,comp,Q4,p,FALSE,2,2
1,59dbbdce5de9b000017ebf19,4124.0,389,TRUE,mrf,filter,Q5,f,FALSE,,1
1,59dbbdce5de9b000017ebf19,4124.0,389,TRUE,mrf,map,Q6,p,TRUE,,1
1,63d40e1748df54e627f3022b,3639.0,71,TRUE,lambda,lambda,Q1,f,TRUE,0,2
1,63d40e1748df54e627f3022b,3639.0,71,TRUE,lambda,lambda,Q2,p,TRUE,3,2
1,63d40e1748df54e627f3022b,3639.0,71,TRUE,comp,comp,Q3,f,FALSE,1,3
1,63d40e1748df54e627f3022b,3639.0,71,TRUE,comp,comp,Q4,p,TRUE,2,3
1,63d40e1748df54e627f3022b,3639.0,71,TRUE,mrf,filter,Q5,f,FALSE,,2
1,63d40e1748df54e627f3022b,3639.0,71,TRUE,mrf,map,Q6,p,TRUE,,2
1,604b6e9ebb77ef65a2a97396,899.0,108,TRUE,lambda,lambda,Q1,f,TRUE,0,1
1,604b6e9ebb77ef65a2a97396,899.0,108,TRUE,lambda,lambda,Q2,p,TRUE,3,1
1,604b6e9ebb77ef65a2a97396,899.0,108,TRUE,comp,comp,Q3,f,FALSE,1,3
1,604b6e9ebb77ef65a2a97396,899.0,108,TRUE,comp,comp,Q4,p,TRUE,2,3
1,604b6e9ebb77ef65a2a97396,899.0,108,TRUE,mrf,filter,Q5,f,FALSE,,3
1,604b6e9ebb77ef65a2a97396,899.0,108,TRUE,mrf,map,Q6,p,TRUE,,3
1,615b622cad37e6586f139c40,1357.0,218,TRUE,lambda,lambda,Q1,f,TRUE,0,2
1,615b622cad37e6586f139c40,1357.0,218,TRUE,lambda,lambda,Q2,p,TRUE,3,2
1,615b622cad37e6586f139c40,1357.0,218,TRUE,comp,comp,Q3,f,FALSE,1,2
1,615b622cad37e6586f139c40,1357.0,218,TRUE,comp,comp,Q4,p,TRUE,2,2
1,615b622cad37e6586f139c40,1357.0,218,TRUE,mrf,filter,Q5,f,FALSE,,2
1,615b622cad37e6586f139c40,1357.0,218,TRUE,mrf,map,Q6,p,TRUE,,2
10,5f60d313747a9b045ec9b890,2432.0,738,TRUE,lambda,lambda,Q1,p,TRUE,0,3
10,5f60d313747a9b045ec9b890,2432.0,738,TRUE,lambda,lambda,Q2,f,FALSE,1,3
10,5f60d313747a9b045ec9b890,2432.0,738,TRUE,comp,comp,Q3,f,FALSE,2,2
10,5f60d313747a9b045ec9b890,2432.0,738,TRUE,comp,comp,Q4,p,FALSE,5,2
10,5f60d313747a9b045ec9b890,2432.0,738,TRUE,mrf,filter,Q5,p,FALSE,,4
10,5f60d313747a9b045ec9b890,2432.0,738,TRUE,mrf,reduce,Q6,f,FALSE,,4
10,5fbc184314992d0a49490a1e,1433.0,450,TRUE,lambda,lambda,Q1,p,FALSE,0,2
10,5fbc184314992d0a49490a1e,1433.0,450,TRUE,lambda,lambda,Q2,f,FALSE,1,2
10,5fbc184314992d0a49490a1e,1433.0,450,TRUE,comp,comp,Q3,f,FALSE,2,1
10,5fbc184314992d0a49490a1e,1433.0,450,TRUE,comp,comp,Q4,p,TRUE,5,1
10,5fbc184314992d0a49490a1e,1433.0,450,TRUE,mrf,filter,Q5,p,FALSE,,3
10,5fbc184314992d0a49490a1e,1433.0,450,TRUE,mrf,reduce,Q6,f,FALSE,,3
10,5e6949b425cc361f8846748a,4237.0,174,TRUE,lambda,lambda,Q1,p,TRUE,0,3
10,5e6949b425cc361f8846748a,4237.0,174,TRUE,lambda,lambda,Q2,f,TRUE,1,3
10,5e6949b425cc361f8846748a,4237.0,174,TRUE,comp,comp,Q3,f,TRUE,2,3
10,5e6949b425cc361f8846748a,4237.0,174,TRUE,comp,comp,Q4,p,FALSE,5,3
10,5e6949b425cc361f8846748a,4237.0,174,TRUE,mrf,filter,Q5,p,FALSE,,3
10,5e6949b425cc361f8846748a,4237.0,174,TRUE,mrf,reduce,Q6,f,FALSE,,3
10,6405ebd9ab50bd5a571e2a5a,3161.0,2,TRUE,lambda,lambda,Q1,p,TRUE,0,2
10,6405ebd9ab50bd5a571e2a5a,3161.0,2,TRUE,lambda,lambda,Q2,f,FALSE,1,2
10,6405ebd9ab50bd5a571e2a5a,3161.0,2,TRUE,comp,comp,Q3,f,FALSE,2,3
10,6405ebd9ab50bd5a571e2a5a,3161.0,2,TRUE,comp,comp,Q4,p,TRUE,5,3
10,6405ebd9ab50bd5a571e2a5a,3161.0,2,TRUE,mrf,filter,Q5,p,TRUE,,2
10,6405ebd9ab50bd5a571e2a5a,3161.0,2,TRUE,mrf,reduce,Q6,f,FALSE,,2
10,6167579b785195f0db610d94,4026.0,170,TRUE,lambda,lambda,Q1,p,TRUE,0,1
10,6167579b785195f0db610d94,4026.0,170,TRUE,lambda,lambda,Q2,f,TRUE,1,1
10,6167579b785195f0db610d94,4026.0,170,TRUE,comp,comp,Q3,f,FALSE,2,2
10,6167579b785195f0db610d94,4026.0,170,TRUE,comp,comp,Q4,p,TRUE,5,2
10,6167579b785195f0db610d94,4026.0,170,TRUE,mrf,filter,Q5,p,TRUE,,2
10,6167579b785195f0db610d94,4026.0,170,TRUE,mrf,reduce,Q6,f,FALSE,,2
10,6150ffd12ce56543c3efdb8e,41953.0,128,TRUE,lambda,lambda,Q1,p,TRUE,0,2
10,6150ffd12ce56543c3efdb8e,41953.0,128,TRUE,lambda,lambda,Q2,f,FALSE,1,2
10,6150ffd12ce56543c3efdb8e,41953.0,128,TRUE,comp,comp,Q3,f,TRUE,2,2
10,6150ffd12ce56543c3efdb8e,41953.0,128,TRUE,comp,comp,Q4,p,TRUE,5,2
10,6150ffd12ce56543c3efdb8e,41953.0,128,TRUE,mrf,filter,Q5,p,TRUE,,2
10,6150ffd12ce56543c3efdb8e,41953.0,128,TRUE,mrf,reduce,Q6,f,FALSE,,2
10,6405cb5b2877b31aa78ca520,8559.0,15,TRUE,lambda,lambda,Q1,p,TRUE,0,2
10,6405cb5b2877b31aa78ca520,8559.0,15,TRUE,lambda,lambda,Q2,f,FALSE,1,2
10,6405cb5b2877b31aa78ca520,8559.0,15,TRUE,comp,comp,Q3,f,TRUE,2,2
10,6405cb5b2877b31aa78ca520,8559.0,15,TRUE,comp,comp,Q4,p,TRUE,5,2
10,6405cb5b2877b31aa78ca520,8559.0,15,TRUE,mrf,filter,Q5,p,TRUE,,2
10,6405cb5b2877b31aa78ca520,8559.0,15,TRUE,mrf,reduce,Q6,f,FALSE,,2
10,5d517e9ccb16840017961cb2,1417.0,79,TRUE,lambda,lambda,Q1,p,TRUE,0,1
10,5d517e9ccb16840017961cb2,1417.0,79,TRUE,lambda,lambda,Q2,f,FALSE,1,1
10,5d517e9ccb16840017961cb2,1417.0,79,TRUE,comp,comp,Q3,f,FALSE,2,2
10,5d517e9ccb16840017961cb2,1417.0,79,TRUE,comp,comp,Q4,p,TRUE,5,2
10,5d517e9ccb16840017961cb2,1417.0,79,TRUE,mrf,filter,Q5,p,TRUE,,1
10,5d517e9ccb16840017961cb2,1417.0,79,TRUE,mrf,reduce,Q6,f,FALSE,,1
10,606168c7da6829aa69acf033,2536.0,54,TRUE,lambda,lambda,Q1,p,TRUE,0,2
10,606168c7da6829aa69acf033,2536.0,54,TRUE,lambda,lambda,Q2,f,FALSE,1,2
10,606168c7da6829aa69acf033,2536.0,54,TRUE,comp,comp,Q3,f,TRUE,2,3
10,606168c7da6829aa69acf033,2536.0,54,TRUE,comp,comp,Q4,p,FALSE,5,3
10,606168c7da6829aa69acf033,2536.0,54,TRUE,mrf,filter,Q5,p,TRUE,,2
10,606168c7da6829aa69acf033,2536.0,54,TRUE,mrf,reduce,Q6,f,FALSE,,2
10,5fa548464d75e0232275d55e,1371.0,195,TRUE,lambda,lambda,Q1,p,TRUE,0,2
10,5fa548464d75e0232275d55e,1371.0,195,TRUE,lambda,lambda,Q2,f,TRUE,1,2
10,5fa548464d75e0232275d55e,1371.0,195,TRUE,comp,comp,Q3,f,FALSE,2,3
10,5fa548464d75e0232275d55e,1371.0,195,TRUE,comp,comp,Q4,p,TRUE,5,3
10,5fa548464d75e0232275d55e,1371.0,195,TRUE,mrf,filter,Q5,p,TRUE,,3
10,5fa548464d75e0232275d55e,1371.0,195,TRUE,mrf,reduce,Q6,f,FALSE,,3
10,60d0e3cdd3e941278729a6df,1266.0,34,TRUE,lambda,lambda,Q1,p,FALSE,0,1
10,60d0e3cdd3e941278729a6df,1266.0,34,TRUE,lambda,lambda,Q2,f,FALSE,1,1
10,60d0e3cdd3e941278729a6df,1266.0,34,TRUE,comp,comp,Q3,f,FALSE,2,2
10,60d0e3cdd3e941278729a6df,1266.0,34,TRUE,comp,comp,Q4,p,TRUE,5,2
10,60d0e3cdd3e941278729a6df,1266.0,34,TRUE,mrf,filter,Q5,p,FALSE,,1
10,60d0e3cdd3e941278729a6df,1266.0,34,TRUE,mrf,reduce,Q6,f,FALSE,,1
10,6077318ad2432eafcac80c2e,4604.0,8,TRUE,lambda,lambda,Q1,p,FALSE,0,2
10,6077318ad2432eafcac80c2e,4604.0,8,TRUE,lambda,lambda,Q2,f,FALSE,1,2
10,6077318ad2432eafcac80c2e,4604.0,8,TRUE,comp,comp,Q3,f,TRUE,2,3
10,6077318ad2432eafcac80c2e,4604.0,8,TRUE,comp,comp,Q4,p,FALSE,5,3
10,6077318ad2432eafcac80c2e,4604.0,8,TRUE,mrf,filter,Q5,p,TRUE,,2
10,6077318ad2432eafcac80c2e,4604.0,8,TRUE,mrf,reduce,Q6,f,FALSE,,2
10,63d5b8e216423b3da8ef6b7f,1665.0,43,TRUE,lambda,lambda,Q1,p,TRUE,0,2
10,63d5b8e216423b3da8ef6b7f,1665.0,43,TRUE,lambda,lambda,Q2,f,FALSE,1,2
10,63d5b8e216423b3da8ef6b7f,1665.0,43,TRUE,comp,comp,Q3,f,FALSE,2,3
10,63d5b8e216423b3da8ef6b7f,1665.0,43,TRUE,comp,comp,Q4,p,FALSE,5,3
10,63d5b8e216423b3da8ef6b7f,1665.0,43,TRUE,mrf,filter,Q5,p,TRUE,,3
10,63d5b8e216423b3da8ef6b7f,1665.0,43,TRUE,mrf,reduce,Q6,f,FALSE,,3
10,5c882eaea4c44a000184f9ab,2092.0,63,TRUE,lambda,lambda,Q1,p,TRUE,0,2
10,5c882eaea4c44a000184f9ab,2092.0,63,TRUE,lambda,lambda,Q2,f,FALSE,1,2
10,5c882eaea4c44a000184f9ab,2092.0,63,TRUE,comp,comp,Q3,f,TRUE,2,3
10,5c882eaea4c44a000184f9ab,2092.0,63,TRUE,comp,comp,Q4,p,FALSE,5,3
10,5c882eaea4c44a000184f9ab,2092.0,63,TRUE,mrf,filter,Q5,p,TRUE,,3
10,5c882eaea4c44a000184f9ab,2092.0,63,TRUE,mrf,reduce,Q6,f,FALSE,,3
10,63f9f9b6a226ebe3206f6de8,1499.0,7,TRUE,lambda,lambda,Q1,p,TRUE,0,2
10,63f9f9b6a226ebe3206f6de8,1499.0,7,TRUE,lambda,lambda,Q2,f,TRUE,1,2
10,63f9f9b6a226ebe3206f6de8,1499.0,7,TRUE,comp,comp,Q3,f,FALSE,2,3
10,63f9f9b6a226ebe3206f6de8,1499.0,7,TRUE,comp,comp,Q4,p,FALSE,5,3
10,63f9f9b6a226ebe3206f6de8,1499.0,7,TRUE,mrf,filter,Q5,p,FALSE,,4
10,63f9f9b6a226ebe3206f6de8,1499.0,7,TRUE,mrf,reduce,Q6,f,FALSE,,4
10,601bdaababe00c5dfd1ef5c1,1231.0,138,TRUE,lambda,lambda,Q1,p,TRUE,0,1
10,601bdaababe00c5dfd1ef5c1,1231.0,138,TRUE,lambda,lambda,Q2,f,FALSE,1,1
10,601bdaababe00c5dfd1ef5c1,1231.0,138,TRUE,comp,comp,Q3,f,FALSE,2,3
10,601bdaababe00c5dfd1ef5c1,1231.0,138,TRUE,comp,comp,Q4,p,FALSE,5,3
10,601bdaababe00c5dfd1ef5c1,1231.0,138,TRUE,mrf,filter,Q5,p,FALSE,,3
10,601bdaababe00c5dfd1ef5c1,1231.0,138,TRUE,mrf,reduce,Q6,f,FALSE,,3
10,64054cab1cde940e216d9eb3,2845.0,3,TRUE,lambda,lambda,Q1,p,FALSE,0,3
10,64054cab1cde940e216d9eb3,2845.0,3,TRUE,lambda,lambda,Q2,f,FALSE,1,3
10,64054cab1cde940e216d9eb3,2845.0,3,TRUE,comp,comp,Q3,f,TRUE,2,3
10,64054cab1cde940e216d9eb3,2845.0,3,TRUE,comp,comp,Q4,p,FALSE,5,3
10,64054cab1cde940e216d9eb3,2845.0,3,TRUE,mrf,filter,Q5,p,TRUE,,1
10,64054cab1cde940e216d9eb3,2845.0,3,TRUE,mrf,reduce,Q6,f,FALSE,,1
10,5f38c9aa0c68ee3f7c72f7b4,2113.0,342,TRUE,lambda,lambda,Q1,p,TRUE,0,2
10,5f38c9aa0c68ee3f7c72f7b4,2113.0,342,TRUE,lambda,lambda,Q2,f,TRUE,1,2
10,5f38c9aa0c68ee3f7c72f7b4,2113.0,342,TRUE,comp,comp,Q3,f,FALSE,2,3
10,5f38c9aa0c68ee3f7c72f7b4,2113.0,342,TRUE,comp,comp,Q4,p,TRUE,5,3
10,5f38c9aa0c68ee3f7c72f7b4,2113.0,342,TRUE,mrf,filter,Q5,p,TRUE,,3
10,5f38c9aa0c68ee3f7c72f7b4,2113.0,342,TRUE,mrf,reduce,Q6,f,FALSE,,3
2,5f4aa7d425629f5291aca6fc,1218.0,11,TRUE,lambda,lambda,Q1,p,TRUE,1,3
2,5f4aa7d425629f5291aca6fc,1218.0,11,TRUE,lambda,lambda,Q2,f,TRUE,3,3
2,5f4aa7d425629f5291aca6fc,1218.0,11,TRUE,comp,comp,Q3,p,TRUE,1,1
2,5f4aa7d425629f5291aca6fc,1218.0,11,TRUE,comp,comp,Q4,f,TRUE,2,1
2,5f4aa7d425629f5291aca6fc,1218.0,11,TRUE,mrf,filter,Q5,p,FALSE,,2
2,5f4aa7d425629f5291aca6fc,1218.0,11,TRUE,mrf,map,Q6,f,FALSE,,2
2,60b97d2809d43ab2f0614bb9,927.0,211,TRUE,lambda,lambda,Q1,p,FALSE,1,2
2,60b97d2809d43ab2f0614bb9,927.0,211,TRUE,lambda,lambda,Q2,f,TRUE,3,2
2,60b97d2809d43ab2f0614bb9,927.0,211,TRUE,comp,comp,Q3,p,FALSE,1,2
2,60b97d2809d43ab2f0614bb9,927.0,211,TRUE,comp,comp,Q4,f,TRUE,2,2
2,60b97d2809d43ab2f0614bb9,927.0,211,TRUE,mrf,filter,Q5,p,FALSE,,2
2,60b97d2809d43ab2f0614bb9,927.0,211,TRUE,mrf,map,Q6,f,FALSE,,2
2,61395b705a38ede105ed7982,1340.0,177,TRUE,lambda,lambda,Q1,p,TRUE,1,3
2,61395b705a38ede105ed7982,1340.0,177,TRUE,lambda,lambda,Q2,f,FALSE,3,3
2,61395b705a38ede105ed7982,1340.0,177,TRUE,comp,comp,Q3,p,FALSE,1,4
2,61395b705a38ede105ed7982,1340.0,177,TRUE,comp,comp,Q4,f,TRUE,2,4
2,61395b705a38ede105ed7982,1340.0,177,TRUE,mrf,filter,Q5,p,FALSE,,4
2,61395b705a38ede105ed7982,1340.0,177,TRUE,mrf,map,Q6,f,FALSE,,4
2,60c101e4634ffb1aa797b924,940.0,153,TRUE,lambda,lambda,Q1,p,TRUE,1,3
2,60c101e4634ffb1aa797b924,940.0,153,TRUE,lambda,lambda,Q2,f,TRUE,3,3
2,60c101e4634ffb1aa797b924,940.0,153,TRUE,comp,comp,Q3,p,FALSE,1,2
2,60c101e4634ffb1aa797b924,940.0,153,TRUE,comp,comp,Q4,f,TRUE,2,2
2,60c101e4634ffb1aa797b924,940.0,153,TRUE,mrf,filter,Q5,p,FALSE,,1
2,60c101e4634ffb1aa797b924,940.0,153,TRUE,mrf,map,Q6,f,FALSE,,1
2,5e577e79ce30ae13226e61ae,13121.0,306,FALSE,lambda,lambda,Q1,p,TRUE,1,2
2,5e577e79ce30ae13226e61ae,13121.0,306,FALSE,lambda,lambda,Q2,f,TRUE,3,2
2,5e577e79ce30ae13226e61ae,13121.0,306,FALSE,comp,comp,Q3,p,TRUE,1,3
2,5e577e79ce30ae13226e61ae,13121.0,306,FALSE,comp,comp,Q4,f,FALSE,2,3
2,5e577e79ce30ae13226e61ae,13121.0,306,FALSE,mrf,filter,Q5,p,FALSE,,2
2,5e577e79ce30ae13226e61ae,13121.0,306,FALSE,mrf,map,Q6,f,TRUE,,2
2,5f9822ed09bb3d07b22d6c8d,1557.0,836,TRUE,lambda,lambda,Q1,p,TRUE,1,2
2,5f9822ed09bb3d07b22d6c8d,1557.0,836,TRUE,lambda,lambda,Q2,f,TRUE,3,2
2,5f9822ed09bb3d07b22d6c8d,1557.0,836,TRUE,comp,comp,Q3,p,FALSE,1,3
2,5f9822ed09bb3d07b22d6c8d,1557.0,836,TRUE,comp,comp,Q4,f,TRUE,2,3
2,5f9822ed09bb3d07b22d6c8d,1557.0,836,TRUE,mrf,filter,Q5,p,FALSE,,1
2,5f9822ed09bb3d07b22d6c8d,1557.0,836,TRUE,mrf,map,Q6,f,TRUE,,1
2,5e904d97bedea101db7b8650,2040.0,207,TRUE,lambda,lambda,Q1,p,TRUE,1,2
2,5e904d97bedea101db7b8650,2040.0,207,TRUE,lambda,lambda,Q2,f,TRUE,3,2
2,5e904d97bedea101db7b8650,2040.0,207,TRUE,comp,comp,Q3,p,FALSE,1,2
2,5e904d97bedea101db7b8650,2040.0,207,TRUE,comp,comp,Q4,f,TRUE,2,2
2,5e904d97bedea101db7b8650,2040.0,207,TRUE,mrf,filter,Q5,p,FALSE,,2
2,5e904d97bedea101db7b8650,2040.0,207,TRUE,mrf,map,Q6,f,FALSE,,2
2,5c689deb8654fe00018d5606,2130.0,1040,TRUE,lambda,lambda,Q1,p,TRUE,1,2
2,5c689deb8654fe00018d5606,2130.0,1040,TRUE,lambda,lambda,Q2,f,TRUE,3,2
2,5c689deb8654fe00018d5606,2130.0,1040,TRUE,comp,comp,Q3,p,FALSE,1,1
2,5c689deb8654fe00018d5606,2130.0,1040,TRUE,comp,comp,Q4,f,TRUE,2,1
2,5c689deb8654fe00018d5606,2130.0,1040,TRUE,mrf,filter,Q5,p,FALSE,,1
2,5c689deb8654fe00018d5606,2130.0,1040,TRUE,mrf,map,Q6,f,FALSE,,1
2,60526423e4a80ffba24943c3,1606.0,165,TRUE,lambda,lambda,Q1,p,TRUE,1,3
2,60526423e4a80ffba24943c3,1606.0,165,TRUE,lambda,lambda,Q2,f,TRUE,3,3
2,60526423e4a80ffba24943c3,1606.0,165,TRUE,comp,comp,Q3,p,TRUE,1,3
2,60526423e4a80ffba24943c3,1606.0,165,TRUE,comp,comp,Q4,f,TRUE,2,3
2,60526423e4a80ffba24943c3,1606.0,165,TRUE,mrf,filter,Q5,p,FALSE,,3
2,60526423e4a80ffba24943c3,1606.0,165,TRUE,mrf,map,Q6,f,FALSE,,3
2,615ddb0c6adce920fbb53a2d,1887.0,168,TRUE,lambda,lambda,Q1,p,TRUE,1,3
2,615ddb0c6adce920fbb53a2d,1887.0,168,TRUE,lambda,lambda,Q2,f,FALSE,3,3
2,615ddb0c6adce920fbb53a2d,1887.0,168,TRUE,comp,comp,Q3,p,FALSE,1,3
2,615ddb0c6adce920fbb53a2d,1887.0,168,TRUE,comp,comp,Q4,f,FALSE,2,3
2,615ddb0c6adce920fbb53a2d,1887.0,168,TRUE,mrf,filter,Q5,p,FALSE,,2
2,615ddb0c6adce920fbb53a2d,1887.0,168,TRUE,mrf,map,Q6,f,FALSE,,2
2,5faa3448cb538f3064fd2860,3709.0,360,TRUE,lambda,lambda,Q1,p,TRUE,1,3
2,5faa3448cb538f3064fd2860,3709.0,360,TRUE,lambda,lambda,Q2,f,FALSE,3,3
2,5faa3448cb538f3064fd2860,3709.0,360,TRUE,comp,comp,Q3,p,TRUE,1,3
2,5faa3448cb538f3064fd2860,3709.0,360,TRUE,comp,comp,Q4,f,TRUE,2,3
2,5faa3448cb538f3064fd2860,3709.0,360,TRUE,mrf,filter,Q5,p,FALSE,,3
2,5faa3448cb538f3064fd2860,3709.0,360,TRUE,mrf,map,Q6,f,FALSE,,3
2,612610d67c8362f227b74c44,4381.0,79,TRUE,lambda,lambda,Q1,p,TRUE,1,1
2,612610d67c8362f227b74c44,4381.0,79,TRUE,lambda,lambda,Q2,f,FALSE,3,1
2,612610d67c8362f227b74c44,4381.0,79,TRUE,comp,comp,Q3,p,FALSE,1,2
2,612610d67c8362f227b74c44,4381.0,79,TRUE,comp,comp,Q4,f,TRUE,2,2
2,612610d67c8362f227b74c44,4381.0,79,TRUE,mrf,filter,Q5,p,FALSE,,2
2,612610d67c8362f227b74c44,4381.0,79,TRUE,mrf,map,Q6,f,FALSE,,2
2,631e93c7ec7b2604adbc372f,1357.0,116,TRUE,lambda,lambda,Q1,p,TRUE,1,3
2,631e93c7ec7b2604adbc372f,1357.0,116,TRUE,lambda,lambda,Q2,f,TRUE,3,3
2,631e93c7ec7b2604adbc372f,1357.0,116,TRUE,comp,comp,Q3,p,FALSE,1,3
2,631e93c7ec7b2604adbc372f,1357.0,116,TRUE,comp,comp,Q4,f,FALSE,2,3
2,631e93c7ec7b2604adbc372f,1357.0,116,TRUE,mrf,filter,Q5,p,FALSE,,2
2,631e93c7ec7b2604adbc372f,1357.0,116,TRUE,mrf,map,Q6,f,TRUE,,2
2,63e52bc62b2ecca285bffc9b,2022.0,16,TRUE,lambda,lambda,Q1,p,TRUE,1,2
2,63e52bc62b2ecca285bffc9b,2022.0,16,TRUE,lambda,lambda,Q2,f,FALSE,3,2
2,63e52bc62b2ecca285bffc9b,2022.0,16,TRUE,comp,comp,Q3,p,FALSE,1,3
2,63e52bc62b2ecca285bffc9b,2022.0,16,TRUE,comp,comp,Q4,f,FALSE,2,3
2,63e52bc62b2ecca285bffc9b,2022.0,16,TRUE,mrf,filter,Q5,p,FALSE,,2
2,63e52bc62b2ecca285bffc9b,2022.0,16,TRUE,mrf,map,Q6,f,FALSE,,2
2,63da61c8990d80a22176d9c0,1687.0,19,TRUE,lambda,lambda,Q1,p,TRUE,1,3
2,63da61c8990d80a22176d9c0,1687.0,19,TRUE,lambda,lambda,Q2,f,TRUE,3,3
2,63da61c8990d80a22176d9c0,1687.0,19,TRUE,comp,comp,Q3,p,FALSE,1,2
2,63da61c8990d80a22176d9c0,1687.0,19,TRUE,comp,comp,Q4,f,TRUE,2,2
2,63da61c8990d80a22176d9c0,1687.0,19,TRUE,mrf,filter,Q5,p,FALSE,,2
2,63da61c8990d80a22176d9c0,1687.0,19,TRUE,mrf,map,Q6,f,TRUE,,2
2,60a68725b2b424dc0d7ce793,1736.0,278,TRUE,lambda,lambda,Q1,p,TRUE,1,2
2,60a68725b2b424dc0d7ce793,1736.0,278,TRUE,lambda,lambda,Q2,f,TRUE,3,2
2,60a68725b2b424dc0d7ce793,1736.0,278,TRUE,comp,comp,Q3,p,FALSE,1,2
2,60a68725b2b424dc0d7ce793,1736.0,278,TRUE,comp,comp,Q4,f,TRUE,2,2
2,60a68725b2b424dc0d7ce793,1736.0,278,TRUE,mrf,filter,Q5,p,FALSE,,3
2,60a68725b2b424dc0d7ce793,1736.0,278,TRUE,mrf,map,Q6,f,TRUE,,3
2,63e51d45dc45fc301d4ea52b,1272.0,9,TRUE,lambda,lambda,Q1,p,TRUE,1,1
2,63e51d45dc45fc301d4ea52b,1272.0,9,TRUE,lambda,lambda,Q2,f,TRUE,3,1
2,63e51d45dc45fc301d4ea52b,1272.0,9,TRUE,comp,comp,Q3,p,FALSE,1,2
2,63e51d45dc45fc301d4ea52b,1272.0,9,TRUE,comp,comp,Q4,f,TRUE,2,2
2,63e51d45dc45fc301d4ea52b,1272.0,9,TRUE,mrf,filter,Q5,p,FALSE,,1
2,63e51d45dc45fc301d4ea52b,1272.0,9,TRUE,mrf,map,Q6,f,FALSE,,1
2,5c5409f49fcbc40001dc0b4d,1483.0,720,TRUE,lambda,lambda,Q1,p,FALSE,1,2
2,5c5409f49fcbc40001dc0b4d,1483.0,720,TRUE,lambda,lambda,Q2,f,TRUE,3,2
2,5c5409f49fcbc40001dc0b4d,1483.0,720,TRUE,comp,comp,Q3,p,TRUE,1,2
2,5c5409f49fcbc40001dc0b4d,1483.0,720,TRUE,comp,comp,Q4,f,TRUE,2,2
2,5c5409f49fcbc40001dc0b4d,1483.0,720,TRUE,mrf,filter,Q5,p,FALSE,,2
2,5c5409f49fcbc40001dc0b4d,1483.0,720,TRUE,mrf,map,Q6,f,FALSE,,2
2,5d6d82acab68f90001f53194,1514.0,463,TRUE,lambda,lambda,Q1,p,TRUE,1,2
2,5d6d82acab68f90001f53194,1514.0,463,TRUE,lambda,lambda,Q2,f,FALSE,3,2
2,5d6d82acab68f90001f53194,1514.0,463,TRUE,comp,comp,Q3,p,TRUE,1,3
2,5d6d82acab68f90001f53194,1514.0,463,TRUE,comp,comp,Q4,f,TRUE,2,3
2,5d6d82acab68f90001f53194,1514.0,463,TRUE,mrf,filter,Q5,p,FALSE,,3
2,5d6d82acab68f90001f53194,1514.0,463,TRUE,mrf,map,Q6,f,FALSE,,3
3,5dade76a4860f70017f70ec5,1459.0,452,TRUE,lambda,lambda,Q1,p,FALSE,0,2
3,5dade76a4860f70017f70ec5,1459.0,452,TRUE,lambda,lambda,Q2,f,FALSE,1,2
3,5dade76a4860f70017f70ec5,1459.0,452,TRUE,comp,comp,Q3,p,TRUE,3,2
3,5dade76a4860f70017f70ec5,1459.0,452,TRUE,comp,comp,Q4,f,FALSE,1,2
3,5dade76a4860f70017f70ec5,1459.0,452,TRUE,mrf,map,Q5,f,TRUE,,2
3,5dade76a4860f70017f70ec5,1459.0,452,TRUE,mrf,reduce,Q6,p,FALSE,,2
3,613bb29f16252362f4dc11a3,2182.0,302,TRUE,lambda,lambda,Q1,p,FALSE,0,2
3,613bb29f16252362f4dc11a3,2182.0,302,TRUE,lambda,lambda,Q2,f,FALSE,1,2
3,613bb29f16252362f4dc11a3,2182.0,302,TRUE,comp,comp,Q3,p,FALSE,3,3
3,613bb29f16252362f4dc11a3,2182.0,302,TRUE,comp,comp,Q4,f,FALSE,1,3
3,613bb29f16252362f4dc11a3,2182.0,302,TRUE,mrf,map,Q5,f,TRUE,,3
3,613bb29f16252362f4dc11a3,2182.0,302,TRUE,mrf,reduce,Q6,p,FALSE,,3
3,5dc3485219ca0326027ce91f,2996.0,712,TRUE,lambda,lambda,Q1,p,FALSE,0,3
3,5dc3485219ca0326027ce91f,2996.0,712,TRUE,lambda,lambda,Q2,f,FALSE,1,3
3,5dc3485219ca0326027ce91f,2996.0,712,TRUE,comp,comp,Q3,p,FALSE,3,2
3,5dc3485219ca0326027ce91f,2996.0,712,TRUE,comp,comp,Q4,f,FALSE,1,2
3,5dc3485219ca0326027ce91f,2996.0,712,TRUE,mrf,map,Q5,f,TRUE,,2
3,5dc3485219ca0326027ce91f,2996.0,712,TRUE,mrf,reduce,Q6,p,FALSE,,2
3,63d3fb15a2f8df9e46752d80,3078.0,14,TRUE,lambda,lambda,Q1,p,FALSE,0,2
3,63d3fb15a2f8df9e46752d80,3078.0,14,TRUE,lambda,lambda,Q2,f,FALSE,1,2
3,63d3fb15a2f8df9e46752d80,3078.0,14,TRUE,comp,comp,Q3,p,FALSE,3,3
3,63d3fb15a2f8df9e46752d80,3078.0,14,TRUE,comp,comp,Q4,f,TRUE,1,3
3,63d3fb15a2f8df9e46752d80,3078.0,14,TRUE,mrf,map,Q5,f,TRUE,,1
3,63d3fb15a2f8df9e46752d80,3078.0,14,TRUE,mrf,reduce,Q6,p,FALSE,,1
3,5fbfa7490dcefd0251d79dff,2783.0,176,TRUE,lambda,lambda,Q1,p,FALSE,0,2
3,5fbfa7490dcefd0251d79dff,2783.0,176,TRUE,lambda,lambda,Q2,f,FALSE,1,2
3,5fbfa7490dcefd0251d79dff,2783.0,176,TRUE,comp,comp,Q3,p,FALSE,3,1
3,5fbfa7490dcefd0251d79dff,2783.0,176,TRUE,comp,comp,Q4,f,FALSE,1,1
3,5fbfa7490dcefd0251d79dff,2783.0,176,TRUE,mrf,map,Q5,f,TRUE,,1
3,5fbfa7490dcefd0251d79dff,2783.0,176,TRUE,mrf,reduce,Q6,p,FALSE,,1
3,629e10d748005830b9eee9a0,3936.0,634,TRUE,lambda,lambda,Q1,p,FALSE,0,2
3,629e10d748005830b9eee9a0,3936.0,634,TRUE,lambda,lambda,Q2,f,TRUE,1,2
3,629e10d748005830b9eee9a0,3936.0,634,TRUE,comp,comp,Q3,p,FALSE,3,2
3,629e10d748005830b9eee9a0,3936.0,634,TRUE,comp,comp,Q4,f,FALSE,1,2
3,629e10d748005830b9eee9a0,3936.0,634,TRUE,mrf,map,Q5,f,FALSE,,2
3,629e10d748005830b9eee9a0,3936.0,634,TRUE,mrf,reduce,Q6,p,FALSE,,2
3,63d5bdb530fd9d0279f61e4c,1581.0,20,TRUE,lambda,lambda,Q1,p,FALSE,0,2
3,63d5bdb530fd9d0279f61e4c,1581.0,20,TRUE,lambda,lambda,Q2,f,FALSE,1,2
3,63d5bdb530fd9d0279f61e4c,1581.0,20,TRUE,comp,comp,Q3,p,FALSE,3,1
3,63d5bdb530fd9d0279f61e4c,1581.0,20,TRUE,comp,comp,Q4,f,FALSE,1,1
3,63d5bdb530fd9d0279f61e4c,1581.0,20,TRUE,mrf,map,Q5,f,TRUE,,3
3,63d5bdb530fd9d0279f61e4c,1581.0,20,TRUE,mrf,reduce,Q6,p,FALSE,,3
3,63ef94c96aa1debba6d1c407,693.0,88,TRUE,lambda,lambda,Q1,p,FALSE,0,2
3,63ef94c96aa1debba6d1c407,693.0,88,TRUE,lambda,lambda,Q2,f,FALSE,1,2
3,63ef94c96aa1debba6d1c407,693.0,88,TRUE,comp,comp,Q3,p,TRUE,3,3
3,63ef94c96aa1debba6d1c407,693.0,88,TRUE,comp,comp,Q4,f,FALSE,1,3
3,63ef94c96aa1debba6d1c407,693.0,88,TRUE,mrf,map,Q5,f,FALSE,,1
3,63ef94c96aa1debba6d1c407,693.0,88,TRUE,mrf,reduce,Q6,p,FALSE,,1
3,5f3838bf6b6b703315fc0ad1,2108.0,165,TRUE,lambda,lambda,Q1,p,FALSE,0,4
3,5f3838bf6b6b703315fc0ad1,2108.0,165,TRUE,lambda,lambda,Q2,f,TRUE,1,4
3,5f3838bf6b6b703315fc0ad1,2108.0,165,TRUE,comp,comp,Q3,p,FALSE,3,2
3,5f3838bf6b6b703315fc0ad1,2108.0,165,TRUE,comp,comp,Q4,f,FALSE,1,2
3,5f3838bf6b6b703315fc0ad1,2108.0,165,TRUE,mrf,map,Q5,f,TRUE,,2
3,5f3838bf6b6b703315fc0ad1,2108.0,165,TRUE,mrf,reduce,Q6,p,FALSE,,2
3,5a229210391e270001a100a3,1524.0,90,TRUE,lambda,lambda,Q1,p,FALSE,0,1
3,5a229210391e270001a100a3,1524.0,90,TRUE,lambda,lambda,Q2,f,TRUE,1,1
3,5a229210391e270001a100a3,1524.0,90,TRUE,comp,comp,Q3,p,FALSE,3,3
3,5a229210391e270001a100a3,1524.0,90,TRUE,comp,comp,Q4,f,FALSE,1,3
3,5a229210391e270001a100a3,1524.0,90,TRUE,mrf,map,Q5,f,TRUE,,2
3,5a229210391e270001a100a3,1524.0,90,TRUE,mrf,reduce,Q6,p,FALSE,,2
3,636148deb71d7af6d219fd46,3151.0,462,TRUE,lambda,lambda,Q1,p,FALSE,0,2
3,636148deb71d7af6d219fd46,3151.0,462,TRUE,lambda,lambda,Q2,f,TRUE,1,2
3,636148deb71d7af6d219fd46,3151.0,462,TRUE,comp,comp,Q3,p,FALSE,3,3
3,636148deb71d7af6d219fd46,3151.0,462,TRUE,comp,comp,Q4,f,FALSE,1,3
3,636148deb71d7af6d219fd46,3151.0,462,TRUE,mrf,map,Q5,f,TRUE,,2
3,636148deb71d7af6d219fd46,3151.0,462,TRUE,mrf,reduce,Q6,p,FALSE,,2
3,5ad0c8fd4d061300011b07e4,3791.0,1220,TRUE,lambda,lambda,Q1,p,FALSE,0,2
3,5ad0c8fd4d061300011b07e4,3791.0,1220,TRUE,lambda,lambda,Q2,f,TRUE,1,2
3,5ad0c8fd4d061300011b07e4,3791.0,1220,TRUE,comp,comp,Q3,p,FALSE,3,3
3,5ad0c8fd4d061300011b07e4,3791.0,1220,TRUE,comp,comp,Q4,f,TRUE,1,3
3,5ad0c8fd4d061300011b07e4,3791.0,1220,TRUE,mrf,map,Q5,f,TRUE,,2
3,5ad0c8fd4d061300011b07e4,3791.0,1220,TRUE,mrf,reduce,Q6,p,FALSE,,2
3,5c6b4a3da5064f0001e8b0b1,5198.0,360,TRUE,lambda,lambda,Q1,p,FALSE,0,2
3,5c6b4a3da5064f0001e8b0b1,5198.0,360,TRUE,lambda,lambda,Q2,f,FALSE,1,2
3,5c6b4a3da5064f0001e8b0b1,5198.0,360,TRUE,comp,comp,Q3,p,FALSE,3,1
3,5c6b4a3da5064f0001e8b0b1,5198.0,360,TRUE,comp,comp,Q4,f,TRUE,1,1
3,5c6b4a3da5064f0001e8b0b1,5198.0,360,TRUE,mrf,map,Q5,f,TRUE,,1
3,5c6b4a3da5064f0001e8b0b1,5198.0,360,TRUE,mrf,reduce,Q6,p,FALSE,,1
3,615d051e2366aeb051acb734,2614.0,2156,TRUE,lambda,lambda,Q1,p,FALSE,0,2
3,615d051e2366aeb051acb734,2614.0,2156,TRUE,lambda,lambda,Q2,f,FALSE,1,2
3,615d051e2366aeb051acb734,2614.0,2156,TRUE,comp,comp,Q3,p,FALSE,3,4
3,615d051e2366aeb051acb734,2614.0,2156,TRUE,comp,comp,Q4,f,FALSE,1,4
3,615d051e2366aeb051acb734,2614.0,2156,TRUE,mrf,map,Q5,f,TRUE,,3
3,615d051e2366aeb051acb734,2614.0,2156,TRUE,mrf,reduce,Q6,p,FALSE,,3
3,63d4fe916473a078adf00251,1647.0,14,TRUE,lambda,lambda,Q1,p,FALSE,0,2
3,63d4fe916473a078adf00251,1647.0,14,TRUE,lambda,lambda,Q2,f,FALSE,1,2
3,63d4fe916473a078adf00251,1647.0,14,TRUE,comp,comp,Q3,p,FALSE,3,3
3,63d4fe916473a078adf00251,1647.0,14,TRUE,comp,comp,Q4,f,FALSE,1,3
3,63d4fe916473a078adf00251,1647.0,14,TRUE,mrf,map,Q5,f,FALSE,,2
3,63d4fe916473a078adf00251,1647.0,14,TRUE,mrf,reduce,Q6,p,TRUE,,2
3,60ca51b300e161df1cb7ec63,24094.0,46,TRUE,lambda,lambda,Q1,p,FALSE,0,2
3,60ca51b300e161df1cb7ec63,24094.0,46,TRUE,lambda,lambda,Q2,f,TRUE,1,2
3,60ca51b300e161df1cb7ec63,24094.0,46,TRUE,comp,comp,Q3,p,FALSE,3,2
3,60ca51b300e161df1cb7ec63,24094.0,46,TRUE,comp,comp,Q4,f,FALSE,1,2
3,60ca51b300e161df1cb7ec63,24094.0,46,TRUE,mrf,map,Q5,f,FALSE,,2
3,60ca51b300e161df1cb7ec63,24094.0,46,TRUE,mrf,reduce,Q6,p,TRUE,,2
3,5c9cd29f8058d10001ca7a96,1345.0,149,TRUE,lambda,lambda,Q1,p,FALSE,0,1
3,5c9cd29f8058d10001ca7a96,1345.0,149,TRUE,lambda,lambda,Q2,f,FALSE,1,1
3,5c9cd29f8058d10001ca7a96,1345.0,149,TRUE,comp,comp,Q3,p,TRUE,3,2
3,5c9cd29f8058d10001ca7a96,1345.0,149,TRUE,comp,comp,Q4,f,FALSE,1,2
3,5c9cd29f8058d10001ca7a96,1345.0,149,TRUE,mrf,map,Q5,f,TRUE,,4
3,5c9cd29f8058d10001ca7a96,1345.0,149,TRUE,mrf,reduce,Q6,p,FALSE,,4
3,62dc6fd89dd8473b3671357e,3529.0,997,TRUE,lambda,lambda,Q1,p,FALSE,0,2
3,62dc6fd89dd8473b3671357e,3529.0,997,TRUE,lambda,lambda,Q2,f,TRUE,1,2
3,62dc6fd89dd8473b3671357e,3529.0,997,TRUE,comp,comp,Q3,p,FALSE,3,3
3,62dc6fd89dd8473b3671357e,3529.0,997,TRUE,comp,comp,Q4,f,FALSE,1,3
3,62dc6fd89dd8473b3671357e,3529.0,997,TRUE,mrf,map,Q5,f,TRUE,,2
3,62dc6fd89dd8473b3671357e,3529.0,997,TRUE,mrf,reduce,Q6,p,FALSE,,2
3,5db6e588867c22000dfffa54,1543.0,272,TRUE,lambda,lambda,Q1,p,FALSE,0,2
3,5db6e588867c22000dfffa54,1543.0,272,TRUE,lambda,lambda,Q2,f,TRUE,1,2
3,5db6e588867c22000dfffa54,1543.0,272,TRUE,comp,comp,Q3,p,FALSE,3,3
3,5db6e588867c22000dfffa54,1543.0,272,TRUE,comp,comp,Q4,f,FALSE,1,3
3,5db6e588867c22000dfffa54,1543.0,272,TRUE,mrf,map,Q5,f,TRUE,,2
3,5db6e588867c22000dfffa54,1543.0,272,TRUE,mrf,reduce,Q6,p,FALSE,,2
3,637fbedd06b96e980ee37a6d,2496.0,259,TRUE,lambda,lambda,Q1,p,FALSE,0,2
3,637fbedd06b96e980ee37a6d,2496.0,259,TRUE,lambda,lambda,Q2,f,TRUE,1,2
3,637fbedd06b96e980ee37a6d,2496.0,259,TRUE,comp,comp,Q3,p,FALSE,3,3
3,637fbedd06b96e980ee37a6d,2496.0,259,TRUE,comp,comp,Q4,f,FALSE,1,3
3,637fbedd06b96e980ee37a6d,2496.0,259,TRUE,mrf,map,Q5,f,TRUE,,3
3,637fbedd06b96e980ee37a6d,2496.0,259,TRUE,mrf,reduce,Q6,p,FALSE,,3
3,5b4b1ef3b8b20a00015a33a2,1340.0,1009,TRUE,lambda,lambda,Q1,p,FALSE,0,2
3,5b4b1ef3b8b20a00015a33a2,1340.0,1009,TRUE,lambda,lambda,Q2,f,FALSE,1,2
3,5b4b1ef3b8b20a00015a33a2,1340.0,1009,TRUE,comp,comp,Q3,p,FALSE,3,3
3,5b4b1ef3b8b20a00015a33a2,1340.0,1009,TRUE,comp,comp,Q4,f,TRUE,1,3
3,5b4b1ef3b8b20a00015a33a2,1340.0,1009,TRUE,mrf,map,Q5,f,TRUE,,2
3,5b4b1ef3b8b20a00015a33a2,1340.0,1009,TRUE,mrf,reduce,Q6,p,FALSE,,2
3,5b4b1ef3b8b20a00015a33a2,1854.0,998,TRUE,lambda,lambda,Q1,p,FALSE,0,2
3,5b4b1ef3b8b20a00015a33a2,1854.0,998,TRUE,lambda,lambda,Q2,f,FALSE,1,2
3,5b4b1ef3b8b20a00015a33a2,1854.0,998,TRUE,comp,comp,Q3,p,FALSE,3,3
3,5b4b1ef3b8b20a00015a33a2,1854.0,998,TRUE,comp,comp,Q4,f,TRUE,1,3
3,5b4b1ef3b8b20a00015a33a2,1854.0,998,TRUE,mrf,map,Q5,f,TRUE,,2
3,5b4b1ef3b8b20a00015a33a2,1854.0,998,TRUE,mrf,reduce,Q6,p,FALSE,,2
3,613e44dd550d01b43a553131,2724.0,132,TRUE,lambda,lambda,Q1,p,FALSE,0,4
3,613e44dd550d01b43a553131,2724.0,132,TRUE,lambda,lambda,Q2,f,TRUE,1,4
3,613e44dd550d01b43a553131,2724.0,132,TRUE,comp,comp,Q3,p,FALSE,3,1
3,613e44dd550d01b43a553131,2724.0,132,TRUE,comp,comp,Q4,f,FALSE,1,1
3,613e44dd550d01b43a553131,2724.0,132,TRUE,mrf,map,Q5,f,TRUE,,3
3,613e44dd550d01b43a553131,2724.0,132,TRUE,mrf,reduce,Q6,p,FALSE,,3
3,63d9d5072e083033fc895df1,3527.0,22,TRUE,lambda,lambda,Q1,p,FALSE,0,3
3,63d9d5072e083033fc895df1,3527.0,22,TRUE,lambda,lambda,Q2,f,TRUE,1,3
3,63d9d5072e083033fc895df1,3527.0,22,TRUE,comp,comp,Q3,p,FALSE,3,2
3,63d9d5072e083033fc895df1,3527.0,22,TRUE,comp,comp,Q4,f,FALSE,1,2
3,63d9d5072e083033fc895df1,3527.0,22,TRUE,mrf,map,Q5,f,TRUE,,2
3,63d9d5072e083033fc895df1,3527.0,22,TRUE,mrf,reduce,Q6,p,FALSE,,2
3,5f702dfd68dfbf000da79ada,5224.0,380,TRUE,lambda,lambda,Q1,p,FALSE,0,2
3,5f702dfd68dfbf000da79ada,5224.0,380,TRUE,lambda,lambda,Q2,f,TRUE,1,2
3,5f702dfd68dfbf000da79ada,5224.0,380,TRUE,comp,comp,Q3,p,FALSE,3,3
3,5f702dfd68dfbf000da79ada,5224.0,380,TRUE,comp,comp,Q4,f,FALSE,1,3
3,5f702dfd68dfbf000da79ada,5224.0,380,TRUE,mrf,map,Q5,f,FALSE,,2
3,5f702dfd68dfbf000da79ada,5224.0,380,TRUE,mrf,reduce,Q6,p,FALSE,,2
4,63bded22115f099517d31c54,803.0,35,TRUE,lambda,lambda,Q1,f,TRUE,1,2
4,63bded22115f099517d31c54,803.0,35,TRUE,lambda,lambda,Q2,p,FALSE,2,2
4,63bded22115f099517d31c54,803.0,35,TRUE,comp,comp,Q3,f,FALSE,3,2
4,63bded22115f099517d31c54,803.0,35,TRUE,comp,comp,Q4,p,TRUE,1,2
4,63bded22115f099517d31c54,803.0,35,TRUE,mrf,map,Q5,p,TRUE,,2
4,63bded22115f099517d31c54,803.0,35,TRUE,mrf,reduce,Q6,f,FALSE,,2
4,61123bdc9bdfe87e54a459a6,2975.0,140,TRUE,lambda,lambda,Q1,f,TRUE,1,2
4,61123bdc9bdfe87e54a459a6,2975.0,140,TRUE,lambda,lambda,Q2,p,TRUE,2,2
4,61123bdc9bdfe87e54a459a6,2975.0,140,TRUE,comp,comp,Q3,f,FALSE,3,2
4,61123bdc9bdfe87e54a459a6,2975.0,140,TRUE,comp,comp,Q4,p,TRUE,1,2
4,61123bdc9bdfe87e54a459a6,2975.0,140,TRUE,mrf,map,Q5,p,TRUE,,3
4,61123bdc9bdfe87e54a459a6,2975.0,140,TRUE,mrf,reduce,Q6,f,FALSE,,3
4,62aa265d938c612f7c8361e3,1460.0,1202,TRUE,lambda,lambda,Q1,f,TRUE,1,2
4,62aa265d938c612f7c8361e3,1460.0,1202,TRUE,lambda,lambda,Q2,p,FALSE,2,2
4,62aa265d938c612f7c8361e3,1460.0,1202,TRUE,comp,comp,Q3,f,FALSE,3,2
4,62aa265d938c612f7c8361e3,1460.0,1202,TRUE,comp,comp,Q4,p,FALSE,1,2
4,62aa265d938c612f7c8361e3,1460.0,1202,TRUE,mrf,map,Q5,p,FALSE,,3
4,62aa265d938c612f7c8361e3,1460.0,1202,TRUE,mrf,reduce,Q6,f,FALSE,,3
4,602454a47d0d7d121a1e444b,1688.0,2200,TRUE,lambda,lambda,Q1,f,FALSE,1,2
4,602454a47d0d7d121a1e444b,1688.0,2200,TRUE,lambda,lambda,Q2,p,TRUE,2,2
4,602454a47d0d7d121a1e444b,1688.0,2200,TRUE,comp,comp,Q3,f,FALSE,3,3
4,602454a47d0d7d121a1e444b,1688.0,2200,TRUE,comp,comp,Q4,p,TRUE,1,3
4,602454a47d0d7d121a1e444b,1688.0,2200,TRUE,mrf,map,Q5,p,TRUE,,2
4,602454a47d0d7d121a1e444b,1688.0,2200,TRUE,mrf,reduce,Q6,f,FALSE,,2
4,611bbf442fae05702503ef30,1104.0,234,TRUE,lambda,lambda,Q1,f,TRUE,1,3
4,611bbf442fae05702503ef30,1104.0,234,TRUE,lambda,lambda,Q2,p,TRUE,2,3
4,611bbf442fae05702503ef30,1104.0,234,TRUE,comp,comp,Q3,f,FALSE,3,2
4,611bbf442fae05702503ef30,1104.0,234,TRUE,comp,comp,Q4,p,TRUE,1,2
4,611bbf442fae05702503ef30,1104.0,234,TRUE,mrf,map,Q5,p,TRUE,,3
4,611bbf442fae05702503ef30,1104.0,234,TRUE,mrf,reduce,Q6,f,FALSE,,3
4,6310a7466ebc382747b010ef,2378.0,65,TRUE,lambda,lambda,Q1,f,TRUE,1,2
4,6310a7466ebc382747b010ef,2378.0,65,TRUE,lambda,lambda,Q2,p,TRUE,2,2
4,6310a7466ebc382747b010ef,2378.0,65,TRUE,comp,comp,Q3,f,FALSE,3,3
4,6310a7466ebc382747b010ef,2378.0,65,TRUE,comp,comp,Q4,p,TRUE,1,3
4,6310a7466ebc382747b010ef,2378.0,65,TRUE,mrf,map,Q5,p,TRUE,,1
4,6310a7466ebc382747b010ef,2378.0,65,TRUE,mrf,reduce,Q6,f,FALSE,,1
4,5d2f7b6411b73b001a04a85f,1609.0,291,TRUE,lambda,lambda,Q1,f,FALSE,1,2
4,5d2f7b6411b73b001a04a85f,1609.0,291,TRUE,lambda,lambda,Q2,p,TRUE,2,2
4,5d2f7b6411b73b001a04a85f,1609.0,291,TRUE,comp,comp,Q3,f,FALSE,3,3
4,5d2f7b6411b73b001a04a85f,1609.0,291,TRUE,comp,comp,Q4,p,TRUE,1,3
4,5d2f7b6411b73b001a04a85f,1609.0,291,TRUE,mrf,map,Q5,p,TRUE,,2
4,5d2f7b6411b73b001a04a85f,1609.0,291,TRUE,mrf,reduce,Q6,f,FALSE,,2
4,56a38b45dbe850000cfd50c3,3399.0,2688,TRUE,lambda,lambda,Q1,f,TRUE,1,1
4,56a38b45dbe850000cfd50c3,3399.0,2688,TRUE,lambda,lambda,Q2,p,TRUE,2,1
4,56a38b45dbe850000cfd50c3,3399.0,2688,TRUE,comp,comp,Q3,f,FALSE,3,2
4,56a38b45dbe850000cfd50c3,3399.0,2688,TRUE,comp,comp,Q4,p,TRUE,1,2
4,56a38b45dbe850000cfd50c3,3399.0,2688,TRUE,mrf,map,Q5,p,TRUE,,1
4,56a38b45dbe850000cfd50c3,3399.0,2688,TRUE,mrf,reduce,Q6,f,FALSE,,1
4,5f5f1d17a15e3f7cc1b6927b,2491.0,91,TRUE,lambda,lambda,Q1,f,FALSE,1,2
4,5f5f1d17a15e3f7cc1b6927b,2491.0,91,TRUE,lambda,lambda,Q2,p,TRUE,2,2
4,5f5f1d17a15e3f7cc1b6927b,2491.0,91,TRUE,comp,comp,Q3,f,TRUE,3,2
4,5f5f1d17a15e3f7cc1b6927b,2491.0,91,TRUE,comp,comp,Q4,p,TRUE,1,2
4,5f5f1d17a15e3f7cc1b6927b,2491.0,91,TRUE,mrf,map,Q5,p,FALSE,,2
4,5f5f1d17a15e3f7cc1b6927b,2491.0,91,TRUE,mrf,reduce,Q6,f,FALSE,,2
4,5c66ce46df26f300010b0385,1626.0,138,TRUE,lambda,lambda,Q1,f,TRUE,1,4
4,5c66ce46df26f300010b0385,1626.0,138,TRUE,lambda,lambda,Q2,p,TRUE,2,4
4,5c66ce46df26f300010b0385,1626.0,138,TRUE,comp,comp,Q3,f,TRUE,3,3
4,5c66ce46df26f300010b0385,1626.0,138,TRUE,comp,comp,Q4,p,TRUE,1,3
4,5c66ce46df26f300010b0385,1626.0,138,TRUE,mrf,map,Q5,p,FALSE,,4
4,5c66ce46df26f300010b0385,1626.0,138,TRUE,mrf,reduce,Q6,f,FALSE,,4
4,5efa9ca98dd7fe8eefe7b16f,2143.0,455,FALSE,lambda,lambda,Q1,f,TRUE,1,2
4,5efa9ca98dd7fe8eefe7b16f,2143.0,455,FALSE,lambda,lambda,Q2,p,TRUE,2,2
4,5efa9ca98dd7fe8eefe7b16f,2143.0,455,FALSE,comp,comp,Q3,f,FALSE,3,2
4,5efa9ca98dd7fe8eefe7b16f,2143.0,455,FALSE,comp,comp,Q4,p,TRUE,1,2
4,5efa9ca98dd7fe8eefe7b16f,2143.0,455,FALSE,mrf,map,Q5,p,TRUE,,4
4,5efa9ca98dd7fe8eefe7b16f,2143.0,455,FALSE,mrf,reduce,Q6,f,FALSE,,4
4,63f39a1df25de13147b90d08,1531.0,5,TRUE,lambda,lambda,Q1,f,TRUE,1,1
4,63f39a1df25de13147b90d08,1531.0,5,TRUE,lambda,lambda,Q2,p,TRUE,2,1
4,63f39a1df25de13147b90d08,1531.0,5,TRUE,comp,comp,Q3,f,FALSE,3,2
4,63f39a1df25de13147b90d08,1531.0,5,TRUE,comp,comp,Q4,p,TRUE,1,2
4,63f39a1df25de13147b90d08,1531.0,5,TRUE,mrf,map,Q5,p,TRUE,,2
4,63f39a1df25de13147b90d08,1531.0,5,TRUE,mrf,reduce,Q6,f,TRUE,,2
4,634727caa60d531ce868ad44,5606.0,219,TRUE,lambda,lambda,Q1,f,TRUE,1,1
4,634727caa60d531ce868ad44,5606.0,219,TRUE,lambda,lambda,Q2,p,TRUE,2,1
4,634727caa60d531ce868ad44,5606.0,219,TRUE,comp,comp,Q3,f,FALSE,3,3
4,634727caa60d531ce868ad44,5606.0,219,TRUE,comp,comp,Q4,p,TRUE,1,3
4,634727caa60d531ce868ad44,5606.0,219,TRUE,mrf,map,Q5,p,TRUE,,2
4,634727caa60d531ce868ad44,5606.0,219,TRUE,mrf,reduce,Q6,f,FALSE,,2
4,5ecbe9acbc804077af3fb662,1504.0,257,TRUE,lambda,lambda,Q1,f,TRUE,1,2
4,5ecbe9acbc804077af3fb662,1504.0,257,TRUE,lambda,lambda,Q2,p,TRUE,2,2
4,5ecbe9acbc804077af3fb662,1504.0,257,TRUE,comp,comp,Q3,f,TRUE,3,3
4,5ecbe9acbc804077af3fb662,1504.0,257,TRUE,comp,comp,Q4,p,TRUE,1,3
4,5ecbe9acbc804077af3fb662,1504.0,257,TRUE,mrf,map,Q5,p,TRUE,,2
4,5ecbe9acbc804077af3fb662,1504.0,257,TRUE,mrf,reduce,Q6,f,FALSE,,2
4,5d5d679523830c00015c8963,2694.0,567,TRUE,lambda,lambda,Q1,f,TRUE,1,2
4,5d5d679523830c00015c8963,2694.0,567,TRUE,lambda,lambda,Q2,p,TRUE,2,2
4,5d5d679523830c00015c8963,2694.0,567,TRUE,comp,comp,Q3,f,FALSE,3,3
4,5d5d679523830c00015c8963,2694.0,567,TRUE,comp,comp,Q4,p,TRUE,1,3
4,5d5d679523830c00015c8963,2694.0,567,TRUE,mrf,map,Q5,p,TRUE,,1
4,5d5d679523830c00015c8963,2694.0,567,TRUE,mrf,reduce,Q6,f,FALSE,,1
4,63d41183860131e49a85cfde,629.0,76,TRUE,lambda,lambda,Q1,f,TRUE,1,3
4,63d41183860131e49a85cfde,629.0,76,TRUE,lambda,lambda,Q2,p,TRUE,2,3
4,63d41183860131e49a85cfde,629.0,76,TRUE,comp,comp,Q3,f,FALSE,3,3
4,63d41183860131e49a85cfde,629.0,76,TRUE,comp,comp,Q4,p,TRUE,1,3
4,63d41183860131e49a85cfde,629.0,76,TRUE,mrf,map,Q5,p,TRUE,,3
4,63d41183860131e49a85cfde,629.0,76,TRUE,mrf,reduce,Q6,f,FALSE,,3
4,5f1b5383718fb9174851cf78,2463.0,111,TRUE,lambda,lambda,Q1,f,TRUE,1,2
4,5f1b5383718fb9174851cf78,2463.0,111,TRUE,lambda,lambda,Q2,p,TRUE,2,2
4,5f1b5383718fb9174851cf78,2463.0,111,TRUE,comp,comp,Q3,f,FALSE,3,2
4,5f1b5383718fb9174851cf78,2463.0,111,TRUE,comp,comp,Q4,p,TRUE,1,2
4,5f1b5383718fb9174851cf78,2463.0,111,TRUE,mrf,map,Q5,p,TRUE,,1
4,5f1b5383718fb9174851cf78,2463.0,111,TRUE,mrf,reduce,Q6,f,FALSE,,1
4,63d7f3f91813344fb2aa2609,12981.0,43,TRUE,lambda,lambda,Q1,f,TRUE,1,3
4,63d7f3f91813344fb2aa2609,12981.0,43,TRUE,lambda,lambda,Q2,p,TRUE,2,3
4,63d7f3f91813344fb2aa2609,12981.0,43,TRUE,comp,comp,Q3,f,TRUE,3,1
4,63d7f3f91813344fb2aa2609,12981.0,43,TRUE,comp,comp,Q4,p,TRUE,1,1
4,63d7f3f91813344fb2aa2609,12981.0,43,TRUE,mrf,map,Q5,p,TRUE,,1
4,63d7f3f91813344fb2aa2609,12981.0,43,TRUE,mrf,reduce,Q6,f,FALSE,,1
4,63b70b5d5fa363c3a034db6c,1999.0,12,TRUE,lambda,lambda,Q1,f,TRUE,1,2
4,63b70b5d5fa363c3a034db6c,1999.0,12,TRUE,lambda,lambda,Q2,p,TRUE,2,2
4,63b70b5d5fa363c3a034db6c,1999.0,12,TRUE,comp,comp,Q3,f,FALSE,3,4
4,63b70b5d5fa363c3a034db6c,1999.0,12,TRUE,comp,comp,Q4,p,TRUE,1,4
4,63b70b5d5fa363c3a034db6c,1999.0,12,TRUE,mrf,map,Q5,p,TRUE,,1
4,63b70b5d5fa363c3a034db6c,1999.0,12,TRUE,mrf,reduce,Q6,f,TRUE,,1
4,56cb8858edf8da000b6df354,2316.0,700,TRUE,lambda,lambda,Q1,f,TRUE,1,2
4,56cb8858edf8da000b6df354,2316.0,700,TRUE,lambda,lambda,Q2,p,TRUE,2,2
4,56cb8858edf8da000b6df354,2316.0,700,TRUE,comp,comp,Q3,f,TRUE,3,3
4,56cb8858edf8da000b6df354,2316.0,700,TRUE,comp,comp,Q4,p,TRUE,1,3
4,56cb8858edf8da000b6df354,2316.0,700,TRUE,mrf,map,Q5,p,FALSE,,2
4,56cb8858edf8da000b6df354,2316.0,700,TRUE,mrf,reduce,Q6,f,FALSE,,2
5,5fceeb4fe18cd31d057919e4,3060.0,54,TRUE,lambda,lambda,Q1,f,FALSE,2,2
5,5fceeb4fe18cd31d057919e4,3060.0,54,TRUE,lambda,lambda,Q2,p,TRUE,1,2
5,5fceeb4fe18cd31d057919e4,3060.0,54,TRUE,comp,comp,Q3,f,TRUE,1,3
5,5fceeb4fe18cd31d057919e4,3060.0,54,TRUE,comp,comp,Q4,p,TRUE,3,3
5,5fceeb4fe18cd31d057919e4,3060.0,54,TRUE,mrf,reduce,Q5,p,FALSE,,1
5,5fceeb4fe18cd31d057919e4,3060.0,54,TRUE,mrf,filter,Q6,f,FALSE,,1
5,5c194c99ca244f00013616ea,3336.0,320,TRUE,lambda,lambda,Q1,f,FALSE,2,1
5,5c194c99ca244f00013616ea,3336.0,320,TRUE,lambda,lambda,Q2,p,FALSE,1,1
5,5c194c99ca244f00013616ea,3336.0,320,TRUE,comp,comp,Q3,f,TRUE,1,2
5,5c194c99ca244f00013616ea,3336.0,320,TRUE,comp,comp,Q4,p,FALSE,3,2
5,5c194c99ca244f00013616ea,3336.0,320,TRUE,mrf,reduce,Q5,p,FALSE,,1
5,5c194c99ca244f00013616ea,3336.0,320,TRUE,mrf,filter,Q6,f,FALSE,,1
5,615827cdaa758ba3db33dbb7,3707.0,199,TRUE,lambda,lambda,Q1,f,FALSE,2,2
5,615827cdaa758ba3db33dbb7,3707.0,199,TRUE,lambda,lambda,Q2,p,FALSE,1,2
5,615827cdaa758ba3db33dbb7,3707.0,199,TRUE,comp,comp,Q3,f,TRUE,1,3
5,615827cdaa758ba3db33dbb7,3707.0,199,TRUE,comp,comp,Q4,p,FALSE,3,3
5,615827cdaa758ba3db33dbb7,3707.0,199,TRUE,mrf,reduce,Q5,p,FALSE,,3
5,615827cdaa758ba3db33dbb7,3707.0,199,TRUE,mrf,filter,Q6,f,TRUE,,3
5,604d6dd610326bec3ab2d15e,5109.0,10,TRUE,lambda,lambda,Q1,f,TRUE,2,1
5,604d6dd610326bec3ab2d15e,5109.0,10,TRUE,lambda,lambda,Q2,p,TRUE,1,1
5,604d6dd610326bec3ab2d15e,5109.0,10,TRUE,comp,comp,Q3,f,TRUE,1,2
5,604d6dd610326bec3ab2d15e,5109.0,10,TRUE,comp,comp,Q4,p,TRUE,3,2
5,604d6dd610326bec3ab2d15e,5109.0,10,TRUE,mrf,reduce,Q5,p,TRUE,,2
5,604d6dd610326bec3ab2d15e,5109.0,10,TRUE,mrf,filter,Q6,f,TRUE,,2
5,61265fa763bacaa9ef2ab383,2167.0,149,TRUE,lambda,lambda,Q1,f,FALSE,2,3
5,61265fa763bacaa9ef2ab383,2167.0,149,TRUE,lambda,lambda,Q2,p,TRUE,1,3
5,61265fa763bacaa9ef2ab383,2167.0,149,TRUE,comp,comp,Q3,f,FALSE,1,2
5,61265fa763bacaa9ef2ab383,2167.0,149,TRUE,comp,comp,Q4,p,FALSE,3,2
5,61265fa763bacaa9ef2ab383,2167.0,149,TRUE,mrf,reduce,Q5,p,FALSE,,4
5,61265fa763bacaa9ef2ab383,2167.0,149,TRUE,mrf,filter,Q6,f,FALSE,,4
5,62d81f26161631255f0d36bd,1337.0,248,TRUE,lambda,lambda,Q1,f,TRUE,2,2
5,62d81f26161631255f0d36bd,1337.0,248,TRUE,lambda,lambda,Q2,p,TRUE,1,2
5,62d81f26161631255f0d36bd,1337.0,248,TRUE,comp,comp,Q3,f,TRUE,1,3
5,62d81f26161631255f0d36bd,1337.0,248,TRUE,comp,comp,Q4,p,TRUE,3,3
5,62d81f26161631255f0d36bd,1337.0,248,TRUE,mrf,reduce,Q5,p,TRUE,,2
5,62d81f26161631255f0d36bd,1337.0,248,TRUE,mrf,filter,Q6,f,FALSE,,2
5,5fbb7aae04da87a3fe5f129c,2102.0,370,TRUE,lambda,lambda,Q1,f,FALSE,2,2
5,5fbb7aae04da87a3fe5f129c,2102.0,370,TRUE,lambda,lambda,Q2,p,FALSE,1,2
5,5fbb7aae04da87a3fe5f129c,2102.0,370,TRUE,comp,comp,Q3,f,TRUE,1,3
5,5fbb7aae04da87a3fe5f129c,2102.0,370,TRUE,comp,comp,Q4,p,FALSE,3,3
5,5fbb7aae04da87a3fe5f129c,2102.0,370,TRUE,mrf,reduce,Q5,p,FALSE,,3
5,5fbb7aae04da87a3fe5f129c,2102.0,370,TRUE,mrf,filter,Q6,f,TRUE,,3
5,5f149b7dab1b5e096ca4f39e,2790.0,259,TRUE,lambda,lambda,Q1,f,FALSE,2,2
5,5f149b7dab1b5e096ca4f39e,2790.0,259,TRUE,lambda,lambda,Q2,p,TRUE,1,2
5,5f149b7dab1b5e096ca4f39e,2790.0,259,TRUE,comp,comp,Q3,f,TRUE,1,3
5,5f149b7dab1b5e096ca4f39e,2790.0,259,TRUE,comp,comp,Q4,p,TRUE,3,3
5,5f149b7dab1b5e096ca4f39e,2790.0,259,TRUE,mrf,reduce,Q5,p,TRUE,,2
5,5f149b7dab1b5e096ca4f39e,2790.0,259,TRUE,mrf,filter,Q6,f,FALSE,,2
5,5ed7f3404ea9bd2e0ad02df6,2435.0,407,TRUE,lambda,lambda,Q1,f,FALSE,2,3
5,5ed7f3404ea9bd2e0ad02df6,2435.0,407,TRUE,lambda,lambda,Q2,p,FALSE,1,3
5,5ed7f3404ea9bd2e0ad02df6,2435.0,407,TRUE,comp,comp,Q3,f,TRUE,1,3
5,5ed7f3404ea9bd2e0ad02df6,2435.0,407,TRUE,comp,comp,Q4,p,FALSE,3,3
5,5ed7f3404ea9bd2e0ad02df6,2435.0,407,TRUE,mrf,reduce,Q5,p,TRUE,,2
5,5ed7f3404ea9bd2e0ad02df6,2435.0,407,TRUE,mrf,filter,Q6,f,TRUE,,2
5,60756d8b87ba1bb075aec00d,3750.0,101,TRUE,lambda,lambda,Q1,f,TRUE,2,2
5,60756d8b87ba1bb075aec00d,3750.0,101,TRUE,lambda,lambda,Q2,p,TRUE,1,2
5,60756d8b87ba1bb075aec00d,3750.0,101,TRUE,comp,comp,Q3,f,TRUE,1,3
5,60756d8b87ba1bb075aec00d,3750.0,101,TRUE,comp,comp,Q4,p,FALSE,3,3
5,60756d8b87ba1bb075aec00d,3750.0,101,TRUE,mrf,reduce,Q5,p,FALSE,,2
5,60756d8b87ba1bb075aec00d,3750.0,101,TRUE,mrf,filter,Q6,f,FALSE,,2
5,63d2c20ec51e93a7c7a44ffe,4830.0,33,TRUE,lambda,lambda,Q1,f,TRUE,2,1
5,63d2c20ec51e93a7c7a44ffe,4830.0,33,TRUE,lambda,lambda,Q2,p,TRUE,1,1
5,63d2c20ec51e93a7c7a44ffe,4830.0,33,TRUE,comp,comp,Q3,f,TRUE,1,2
5,63d2c20ec51e93a7c7a44ffe,4830.0,33,TRUE,comp,comp,Q4,p,FALSE,3,2
5,63d2c20ec51e93a7c7a44ffe,4830.0,33,TRUE,mrf,reduce,Q5,p,FALSE,,1
5,63d2c20ec51e93a7c7a44ffe,4830.0,33,TRUE,mrf,filter,Q6,f,TRUE,,1
5,5d7ce6fe1961da0016f195b2,4017.0,203,TRUE,lambda,lambda,Q1,f,TRUE,2,2
5,5d7ce6fe1961da0016f195b2,4017.0,203,TRUE,lambda,lambda,Q2,p,TRUE,1,2
5,5d7ce6fe1961da0016f195b2,4017.0,203,TRUE,comp,comp,Q3,f,TRUE,1,2
5,5d7ce6fe1961da0016f195b2,4017.0,203,TRUE,comp,comp,Q4,p,TRUE,3,2
5,5d7ce6fe1961da0016f195b2,4017.0,203,TRUE,mrf,reduce,Q5,p,TRUE,,2
5,5d7ce6fe1961da0016f195b2,4017.0,203,TRUE,mrf,filter,Q6,f,TRUE,,2
5,611c3819eac3c026d338c054,3635.0,127,TRUE,lambda,lambda,Q1,f,FALSE,2,2
5,611c3819eac3c026d338c054,3635.0,127,TRUE,lambda,lambda,Q2,p,FALSE,1,2
5,611c3819eac3c026d338c054,3635.0,127,TRUE,comp,comp,Q3,f,TRUE,1,3
5,611c3819eac3c026d338c054,3635.0,127,TRUE,comp,comp,Q4,p,FALSE,3,3
5,611c3819eac3c026d338c054,3635.0,127,TRUE,mrf,reduce,Q5,p,FALSE,,2
5,611c3819eac3c026d338c054,3635.0,127,TRUE,mrf,filter,Q6,f,FALSE,,2
5,5e94b58fc7296a0a611f0492,3615.0,341,TRUE,lambda,lambda,Q1,f,FALSE,2,2
5,5e94b58fc7296a0a611f0492,3615.0,341,TRUE,lambda,lambda,Q2,p,FALSE,1,2
5,5e94b58fc7296a0a611f0492,3615.0,341,TRUE,comp,comp,Q3,f,TRUE,1,2
5,5e94b58fc7296a0a611f0492,3615.0,341,TRUE,comp,comp,Q4,p,TRUE,3,2
5,5e94b58fc7296a0a611f0492,3615.0,341,TRUE,mrf,reduce,Q5,p,TRUE,,3
5,5e94b58fc7296a0a611f0492,3615.0,341,TRUE,mrf,filter,Q6,f,TRUE,,3
5,614fb54a636d939d60da5818,4485.0,325,TRUE,lambda,lambda,Q1,f,TRUE,2,1
5,614fb54a636d939d60da5818,4485.0,325,TRUE,lambda,lambda,Q2,p,FALSE,1,1
5,614fb54a636d939d60da5818,4485.0,325,TRUE,comp,comp,Q3,f,TRUE,1,2
5,614fb54a636d939d60da5818,4485.0,325,TRUE,comp,comp,Q4,p,FALSE,3,2
5,614fb54a636d939d60da5818,4485.0,325,TRUE,mrf,reduce,Q5,p,FALSE,,1
5,614fb54a636d939d60da5818,4485.0,325,TRUE,mrf,filter,Q6,f,FALSE,,1
5,613a497692c1db07e2fc599f,799.0,107,TRUE,lambda,lambda,Q1,f,FALSE,2,1
5,613a497692c1db07e2fc599f,799.0,107,TRUE,lambda,lambda,Q2,p,TRUE,1,1
5,613a497692c1db07e2fc599f,799.0,107,TRUE,comp,comp,Q3,f,TRUE,1,2
5,613a497692c1db07e2fc599f,799.0,107,TRUE,comp,comp,Q4,p,TRUE,3,2
5,613a497692c1db07e2fc599f,799.0,107,TRUE,mrf,reduce,Q5,p,TRUE,,1
5,613a497692c1db07e2fc599f,799.0,107,TRUE,mrf,filter,Q6,f,TRUE,,1
5,5d02ed8f7a3c0f0015cd3230,1956.0,614,TRUE,lambda,lambda,Q1,f,FALSE,2,2
5,5d02ed8f7a3c0f0015cd3230,1956.0,614,TRUE,lambda,lambda,Q2,p,FALSE,1,2
5,5d02ed8f7a3c0f0015cd3230,1956.0,614,TRUE,comp,comp,Q3,f,FALSE,1,1
5,5d02ed8f7a3c0f0015cd3230,1956.0,614,TRUE,comp,comp,Q4,p,TRUE,3,1
5,5d02ed8f7a3c0f0015cd3230,1956.0,614,TRUE,mrf,reduce,Q5,p,FALSE,,1
5,5d02ed8f7a3c0f0015cd3230,1956.0,614,TRUE,mrf,filter,Q6,f,TRUE,,1
5,5fa7498a07f8c14ac2d2cf30,1782.0,86,TRUE,lambda,lambda,Q1,f,TRUE,2,1
5,5fa7498a07f8c14ac2d2cf30,1782.0,86,TRUE,lambda,lambda,Q2,p,FALSE,1,1
5,5fa7498a07f8c14ac2d2cf30,1782.0,86,TRUE,comp,comp,Q3,f,TRUE,1,3
5,5fa7498a07f8c14ac2d2cf30,1782.0,86,TRUE,comp,comp,Q4,p,TRUE,3,3
5,5fa7498a07f8c14ac2d2cf30,1782.0,86,TRUE,mrf,reduce,Q5,p,TRUE,,1
5,5fa7498a07f8c14ac2d2cf30,1782.0,86,TRUE,mrf,filter,Q6,f,FALSE,,1
5,5ba2424f1ae27000018b12fc,3295.0,63,TRUE,lambda,lambda,Q1,f,FALSE,2,2
5,5ba2424f1ae27000018b12fc,3295.0,63,TRUE,lambda,lambda,Q2,p,FALSE,1,2
5,5ba2424f1ae27000018b12fc,3295.0,63,TRUE,comp,comp,Q3,f,FALSE,1,2
5,5ba2424f1ae27000018b12fc,3295.0,63,TRUE,comp,comp,Q4,p,FALSE,3,2
5,5ba2424f1ae27000018b12fc,3295.0,63,TRUE,mrf,reduce,Q5,p,FALSE,,3
5,5ba2424f1ae27000018b12fc,3295.0,63,TRUE,mrf,filter,Q6,f,TRUE,,3
5,6139790d08843ce109e3b1c0,2095.0,74,TRUE,lambda,lambda,Q1,f,FALSE,2,3
5,6139790d08843ce109e3b1c0,2095.0,74,TRUE,lambda,lambda,Q2,p,TRUE,1,3
5,6139790d08843ce109e3b1c0,2095.0,74,TRUE,comp,comp,Q3,f,TRUE,1,3
5,6139790d08843ce109e3b1c0,2095.0,74,TRUE,comp,comp,Q4,p,TRUE,3,3
5,6139790d08843ce109e3b1c0,2095.0,74,TRUE,mrf,reduce,Q5,p,TRUE,,3
5,6139790d08843ce109e3b1c0,2095.0,74,TRUE,mrf,filter,Q6,f,TRUE,,3
6,5fad3d1768fd413f971d4af9,1716.0,73,TRUE,lambda,lambda,Q1,p,FALSE,2,1
6,5fad3d1768fd413f971d4af9,1716.0,73,TRUE,lambda,lambda,Q2,f,FALSE,1,1
6,5fad3d1768fd413f971d4af9,1716.0,73,TRUE,comp,comp,Q3,p,TRUE,1,2
6,5fad3d1768fd413f971d4af9,1716.0,73,TRUE,comp,comp,Q4,f,FALSE,3,2
6,5fad3d1768fd413f971d4af9,1716.0,73,TRUE,mrf,reduce,Q5,f,TRUE,,2
6,5fad3d1768fd413f971d4af9,1716.0,73,TRUE,mrf,filter,Q6,p,TRUE,,2
6,60252b168d445b2c7efd6c32,1398.0,298,TRUE,lambda,lambda,Q1,p,FALSE,2,2
6,60252b168d445b2c7efd6c32,1398.0,298,TRUE,lambda,lambda,Q2,f,FALSE,1,2
6,60252b168d445b2c7efd6c32,1398.0,298,TRUE,comp,comp,Q3,p,TRUE,1,2
6,60252b168d445b2c7efd6c32,1398.0,298,TRUE,comp,comp,Q4,f,TRUE,3,2
6,60252b168d445b2c7efd6c32,1398.0,298,TRUE,mrf,reduce,Q5,f,FALSE,,2
6,60252b168d445b2c7efd6c32,1398.0,298,TRUE,mrf,filter,Q6,p,FALSE,,2
6,5f54ad0cbb2be4806841d75c,4477.0,283,TRUE,lambda,lambda,Q1,p,TRUE,2,1
6,5f54ad0cbb2be4806841d75c,4477.0,283,TRUE,lambda,lambda,Q2,f,FALSE,1,1
6,5f54ad0cbb2be4806841d75c,4477.0,283,TRUE,comp,comp,Q3,p,TRUE,1,1
6,5f54ad0cbb2be4806841d75c,4477.0,283,TRUE,comp,comp,Q4,f,FALSE,3,1
6,5f54ad0cbb2be4806841d75c,4477.0,283,TRUE,mrf,reduce,Q5,f,FALSE,,2
6,5f54ad0cbb2be4806841d75c,4477.0,283,TRUE,mrf,filter,Q6,p,TRUE,,2
6,626966a12d29060d48439d01,1555.0,334,TRUE,lambda,lambda,Q1,p,FALSE,2,3
6,626966a12d29060d48439d01,1555.0,334,TRUE,lambda,lambda,Q2,f,FALSE,1,3
6,626966a12d29060d48439d01,1555.0,334,TRUE,comp,comp,Q3,p,TRUE,1,3
6,626966a12d29060d48439d01,1555.0,334,TRUE,comp,comp,Q4,f,TRUE,3,3
6,626966a12d29060d48439d01,1555.0,334,TRUE,mrf,reduce,Q5,f,TRUE,,3
6,626966a12d29060d48439d01,1555.0,334,TRUE,mrf,filter,Q6,p,TRUE,,3
6,6010556227f86b3444cbe498,3657.0,174,TRUE,lambda,lambda,Q1,p,FALSE,2,1
6,6010556227f86b3444cbe498,3657.0,174,TRUE,lambda,lambda,Q2,f,FALSE,1,1
6,6010556227f86b3444cbe498,3657.0,174,TRUE,comp,comp,Q3,p,TRUE,1,2
6,6010556227f86b3444cbe498,3657.0,174,TRUE,comp,comp,Q4,f,FALSE,3,2
6,6010556227f86b3444cbe498,3657.0,174,TRUE,mrf,reduce,Q5,f,FALSE,,3
6,6010556227f86b3444cbe498,3657.0,174,TRUE,mrf,filter,Q6,p,TRUE,,3
6,5f7126de20717c75c0201315,3577.0,616,TRUE,lambda,lambda,Q1,p,TRUE,2,1
6,5f7126de20717c75c0201315,3577.0,616,TRUE,lambda,lambda,Q2,f,FALSE,1,1
6,5f7126de20717c75c0201315,3577.0,616,TRUE,comp,comp,Q3,p,TRUE,1,4
6,5f7126de20717c75c0201315,3577.0,616,TRUE,comp,comp,Q4,f,FALSE,3,4
6,5f7126de20717c75c0201315,3577.0,616,TRUE,mrf,reduce,Q5,f,TRUE,,2
6,5f7126de20717c75c0201315,3577.0,616,TRUE,mrf,filter,Q6,p,FALSE,,2
6,60fdba4a793a0371e9ce3708,2439.0,146,TRUE,lambda,lambda,Q1,p,FALSE,2,2
6,60fdba4a793a0371e9ce3708,2439.0,146,TRUE,lambda,lambda,Q2,f,FALSE,1,2
6,60fdba4a793a0371e9ce3708,2439.0,146,TRUE,comp,comp,Q3,p,TRUE,1,3
6,60fdba4a793a0371e9ce3708,2439.0,146,TRUE,comp,comp,Q4,f,FALSE,3,3
6,60fdba4a793a0371e9ce3708,2439.0,146,TRUE,mrf,reduce,Q5,f,FALSE,,3
6,60fdba4a793a0371e9ce3708,2439.0,146,TRUE,mrf,filter,Q6,p,FALSE,,3
6,60f38f94b789eee75b769c34,5217.0,137,TRUE,lambda,lambda,Q1,p,FALSE,2,2
6,60f38f94b789eee75b769c34,5217.0,137,TRUE,lambda,lambda,Q2,f,FALSE,1,2
6,60f38f94b789eee75b769c34,5217.0,137,TRUE,comp,comp,Q3,p,TRUE,1,1
6,60f38f94b789eee75b769c34,5217.0,137,TRUE,comp,comp,Q4,f,FALSE,3,1
6,60f38f94b789eee75b769c34,5217.0,137,TRUE,mrf,reduce,Q5,f,FALSE,,2
6,60f38f94b789eee75b769c34,5217.0,137,TRUE,mrf,filter,Q6,p,FALSE,,2
6,6009606726f80266d809bf9a,3528.0,317,TRUE,lambda,lambda,Q1,p,FALSE,2,2
6,6009606726f80266d809bf9a,3528.0,317,TRUE,lambda,lambda,Q2,f,FALSE,1,2
6,6009606726f80266d809bf9a,3528.0,317,TRUE,comp,comp,Q3,p,FALSE,1,2
6,6009606726f80266d809bf9a,3528.0,317,TRUE,comp,comp,Q4,f,TRUE,3,2
6,6009606726f80266d809bf9a,3528.0,317,TRUE,mrf,reduce,Q5,f,TRUE,,2
6,6009606726f80266d809bf9a,3528.0,317,TRUE,mrf,filter,Q6,p,TRUE,,2
6,6152fcaed5b8a8a09a219503,3300.0,191,TRUE,lambda,lambda,Q1,p,FALSE,2,1
6,6152fcaed5b8a8a09a219503,3300.0,191,TRUE,lambda,lambda,Q2,f,FALSE,1,1
6,6152fcaed5b8a8a09a219503,3300.0,191,TRUE,comp,comp,Q3,p,TRUE,1,2
6,6152fcaed5b8a8a09a219503,3300.0,191,TRUE,comp,comp,Q4,f,TRUE,3,2
6,6152fcaed5b8a8a09a219503,3300.0,191,TRUE,mrf,reduce,Q5,f,TRUE,,2
6,6152fcaed5b8a8a09a219503,3300.0,191,TRUE,mrf,filter,Q6,p,FALSE,,2
6,5c536487b78e9500010dc0a1,1350.0,326,TRUE,lambda,lambda,Q1,p,TRUE,2,2
6,5c536487b78e9500010dc0a1,1350.0,326,TRUE,lambda,lambda,Q2,f,FALSE,1,2
6,5c536487b78e9500010dc0a1,1350.0,326,TRUE,comp,comp,Q3,p,TRUE,1,2
6,5c536487b78e9500010dc0a1,1350.0,326,TRUE,comp,comp,Q4,f,FALSE,3,2
6,5c536487b78e9500010dc0a1,1350.0,326,TRUE,mrf,reduce,Q5,f,FALSE,,2
6,5c536487b78e9500010dc0a1,1350.0,326,TRUE,mrf,filter,Q6,p,TRUE,,2
6,63ecfe33c421c87da0312813,1218.0,85,TRUE,lambda,lambda,Q1,p,FALSE,2,2
6,63ecfe33c421c87da0312813,1218.0,85,TRUE,lambda,lambda,Q2,f,FALSE,1,2
6,63ecfe33c421c87da0312813,1218.0,85,TRUE,comp,comp,Q3,p,TRUE,1,4
6,63ecfe33c421c87da0312813,1218.0,85,TRUE,comp,comp,Q4,f,TRUE,3,4
6,63ecfe33c421c87da0312813,1218.0,85,TRUE,mrf,reduce,Q5,f,TRUE,,2
6,63ecfe33c421c87da0312813,1218.0,85,TRUE,mrf,filter,Q6,p,FALSE,,2
6,5c98310742270c0014d0287a,4009.0,594,TRUE,lambda,lambda,Q1,p,FALSE,2,1
6,5c98310742270c0014d0287a,4009.0,594,TRUE,lambda,lambda,Q2,f,FALSE,1,1
6,5c98310742270c0014d0287a,4009.0,594,TRUE,comp,comp,Q3,p,TRUE,1,2
6,5c98310742270c0014d0287a,4009.0,594,TRUE,comp,comp,Q4,f,TRUE,3,2
6,5c98310742270c0014d0287a,4009.0,594,TRUE,mrf,reduce,Q5,f,TRUE,,1
6,5c98310742270c0014d0287a,4009.0,594,TRUE,mrf,filter,Q6,p,FALSE,,1
6,5eb27352fff7a63c59ab7d9f,2623.0,150,TRUE,lambda,lambda,Q1,p,FALSE,2,2
6,5eb27352fff7a63c59ab7d9f,2623.0,150,TRUE,lambda,lambda,Q2,f,FALSE,1,2
6,5eb27352fff7a63c59ab7d9f,2623.0,150,TRUE,comp,comp,Q3,p,TRUE,1,4
6,5eb27352fff7a63c59ab7d9f,2623.0,150,TRUE,comp,comp,Q4,f,TRUE,3,4
6,5eb27352fff7a63c59ab7d9f,2623.0,150,TRUE,mrf,reduce,Q5,f,TRUE,,2
6,5eb27352fff7a63c59ab7d9f,2623.0,150,TRUE,mrf,filter,Q6,p,TRUE,,2
6,60901990415b22dac0b91f3c,4353.0,76,FALSE,lambda,lambda,Q1,p,TRUE,2,2
6,60901990415b22dac0b91f3c,4353.0,76,FALSE,lambda,lambda,Q2,f,FALSE,1,2
6,60901990415b22dac0b91f3c,4353.0,76,FALSE,comp,comp,Q3,p,TRUE,1,3
6,60901990415b22dac0b91f3c,4353.0,76,FALSE,comp,comp,Q4,f,FALSE,3,3
6,60901990415b22dac0b91f3c,4353.0,76,FALSE,mrf,reduce,Q5,f,FALSE,,4
6,60901990415b22dac0b91f3c,4353.0,76,FALSE,mrf,filter,Q6,p,FALSE,,4
6,6069ab929a0c6eb2055d633c,2906.0,213,TRUE,lambda,lambda,Q1,p,TRUE,2,3
6,6069ab929a0c6eb2055d633c,2906.0,213,TRUE,lambda,lambda,Q2,f,FALSE,1,3
6,6069ab929a0c6eb2055d633c,2906.0,213,TRUE,comp,comp,Q3,p,TRUE,1,3
6,6069ab929a0c6eb2055d633c,2906.0,213,TRUE,comp,comp,Q4,f,FALSE,3,3
6,6069ab929a0c6eb2055d633c,2906.0,213,TRUE,mrf,reduce,Q5,f,TRUE,,3
6,6069ab929a0c6eb2055d633c,2906.0,213,TRUE,mrf,filter,Q6,p,FALSE,,3
6,60b7f09a4462d1d1aa6bbcf6,1590.0,947,TRUE,lambda,lambda,Q1,p,FALSE,2,3
6,60b7f09a4462d1d1aa6bbcf6,1590.0,947,TRUE,lambda,lambda,Q2,f,FALSE,1,3
6,60b7f09a4462d1d1aa6bbcf6,1590.0,947,TRUE,comp,comp,Q3,p,TRUE,1,2
6,60b7f09a4462d1d1aa6bbcf6,1590.0,947,TRUE,comp,comp,Q4,f,FALSE,3,2
6,60b7f09a4462d1d1aa6bbcf6,1590.0,947,TRUE,mrf,reduce,Q5,f,TRUE,,2
6,60b7f09a4462d1d1aa6bbcf6,1590.0,947,TRUE,mrf,filter,Q6,p,TRUE,,2
6,5ff38faf6079e19675de2541,1592.0,106,TRUE,lambda,lambda,Q1,p,FALSE,2,2
6,5ff38faf6079e19675de2541,1592.0,106,TRUE,lambda,lambda,Q2,f,FALSE,1,2
6,5ff38faf6079e19675de2541,1592.0,106,TRUE,comp,comp,Q3,p,TRUE,1,3
6,5ff38faf6079e19675de2541,1592.0,106,TRUE,comp,comp,Q4,f,FALSE,3,3
6,5ff38faf6079e19675de2541,1592.0,106,TRUE,mrf,reduce,Q5,f,TRUE,,2
6,5ff38faf6079e19675de2541,1592.0,106,TRUE,mrf,filter,Q6,p,FALSE,,2
6,610cd5f2b38b2d1bffe55477,3229.0,2383,TRUE,lambda,lambda,Q1,p,TRUE,2,3
6,610cd5f2b38b2d1bffe55477,3229.0,2383,TRUE,lambda,lambda,Q2,f,FALSE,1,3
6,610cd5f2b38b2d1bffe55477,3229.0,2383,TRUE,comp,comp,Q3,p,TRUE,1,3
6,610cd5f2b38b2d1bffe55477,3229.0,2383,TRUE,comp,comp,Q4,f,FALSE,3,3
6,610cd5f2b38b2d1bffe55477,3229.0,2383,TRUE,mrf,reduce,Q5,f,TRUE,,3
6,610cd5f2b38b2d1bffe55477,3229.0,2383,TRUE,mrf,filter,Q6,p,FALSE,,3
6,61712d83af60f4d0702f606f,3458.0,199,TRUE,lambda,lambda,Q1,p,FALSE,2,3
6,61712d83af60f4d0702f606f,3458.0,199,TRUE,lambda,lambda,Q2,f,FALSE,1,3
6,61712d83af60f4d0702f606f,3458.0,199,TRUE,comp,comp,Q3,p,TRUE,1,2
6,61712d83af60f4d0702f606f,3458.0,199,TRUE,comp,comp,Q4,f,FALSE,3,2
6,61712d83af60f4d0702f606f,3458.0,199,TRUE,mrf,reduce,Q5,f,TRUE,,4
6,61712d83af60f4d0702f606f,3458.0,199,TRUE,mrf,filter,Q6,p,FALSE,,4
6,5e65531ade78962d424730a3,3003.0,555,TRUE,lambda,lambda,Q1,p,FALSE,2,1
6,5e65531ade78962d424730a3,3003.0,555,TRUE,lambda,lambda,Q2,f,FALSE,1,1
6,5e65531ade78962d424730a3,3003.0,555,TRUE,comp,comp,Q3,p,TRUE,1,3
6,5e65531ade78962d424730a3,3003.0,555,TRUE,comp,comp,Q4,f,TRUE,3,3
6,5e65531ade78962d424730a3,3003.0,555,TRUE,mrf,reduce,Q5,f,FALSE,,2
6,5e65531ade78962d424730a3,3003.0,555,TRUE,mrf,filter,Q6,p,FALSE,,2
6,63f7a3b799889de3f13622db,1810.0,1,TRUE,lambda,lambda,Q1,p,TRUE,2,2
6,63f7a3b799889de3f13622db,1810.0,1,TRUE,lambda,lambda,Q2,f,FALSE,1,2
6,63f7a3b799889de3f13622db,1810.0,1,TRUE,comp,comp,Q3,p,TRUE,1,3
6,63f7a3b799889de3f13622db,1810.0,1,TRUE,comp,comp,Q4,f,FALSE,3,3
6,63f7a3b799889de3f13622db,1810.0,1,TRUE,mrf,reduce,Q5,f,TRUE,,2
6,63f7a3b799889de3f13622db,1810.0,1,TRUE,mrf,filter,Q6,p,TRUE,,2
7,5fc1433e61250115790546f3,1557.0,161,TRUE,lambda,lambda,Q1,p,FALSE,1,2
7,5fc1433e61250115790546f3,1557.0,161,TRUE,lambda,lambda,Q2,f,FALSE,2,2
7,5fc1433e61250115790546f3,1557.0,161,TRUE,comp,comp,Q3,p,FALSE,4,2
7,5fc1433e61250115790546f3,1557.0,161,TRUE,comp,comp,Q4,f,TRUE,2,2
7,5fc1433e61250115790546f3,1557.0,161,TRUE,mrf,map,Q5,f,TRUE,,2
7,5fc1433e61250115790546f3,1557.0,161,TRUE,mrf,filter,Q6,p,FALSE,,2
7,63cfee999726ef51aaa058e7,2357.0,58,TRUE,lambda,lambda,Q1,p,TRUE,1,2
7,63cfee999726ef51aaa058e7,2357.0,58,TRUE,lambda,lambda,Q2,f,FALSE,2,2
7,63cfee999726ef51aaa058e7,2357.0,58,TRUE,comp,comp,Q3,p,TRUE,4,3
7,63cfee999726ef51aaa058e7,2357.0,58,TRUE,comp,comp,Q4,f,TRUE,2,3
7,63cfee999726ef51aaa058e7,2357.0,58,TRUE,mrf,map,Q5,f,TRUE,,3
7,63cfee999726ef51aaa058e7,2357.0,58,TRUE,mrf,filter,Q6,p,FALSE,,3
7,5ce0c380d0ac7b001c8795c4,3121.0,108,TRUE,lambda,lambda,Q1,p,FALSE,1,2
7,5ce0c380d0ac7b001c8795c4,3121.0,108,TRUE,lambda,lambda,Q2,f,TRUE,2,2
7,5ce0c380d0ac7b001c8795c4,3121.0,108,TRUE,comp,comp,Q3,p,TRUE,4,3
7,5ce0c380d0ac7b001c8795c4,3121.0,108,TRUE,comp,comp,Q4,f,TRUE,2,3
7,5ce0c380d0ac7b001c8795c4,3121.0,108,TRUE,mrf,map,Q5,f,TRUE,,2
7,5ce0c380d0ac7b001c8795c4,3121.0,108,TRUE,mrf,filter,Q6,p,FALSE,,2
7,5eeb2e5447d3cb013eb29033,5071.0,3,TRUE,lambda,lambda,Q1,p,FALSE,1,2
7,5eeb2e5447d3cb013eb29033,5071.0,3,TRUE,lambda,lambda,Q2,f,TRUE,2,2
7,5eeb2e5447d3cb013eb29033,5071.0,3,TRUE,comp,comp,Q3,p,TRUE,4,2
7,5eeb2e5447d3cb013eb29033,5071.0,3,TRUE,comp,comp,Q4,f,TRUE,2,2
7,5eeb2e5447d3cb013eb29033,5071.0,3,TRUE,mrf,map,Q5,f,TRUE,,2
7,5eeb2e5447d3cb013eb29033,5071.0,3,TRUE,mrf,filter,Q6,p,FALSE,,2
7,6100acb00aa378a24e5b5a09,3600.0,125,TRUE,lambda,lambda,Q1,p,FALSE,1,2
7,6100acb00aa378a24e5b5a09,3600.0,125,TRUE,lambda,lambda,Q2,f,TRUE,2,2
7,6100acb00aa378a24e5b5a09,3600.0,125,TRUE,comp,comp,Q3,p,TRUE,4,4
7,6100acb00aa378a24e5b5a09,3600.0,125,TRUE,comp,comp,Q4,f,FALSE,2,4
7,6100acb00aa378a24e5b5a09,3600.0,125,TRUE,mrf,map,Q5,f,FALSE,,2
7,6100acb00aa378a24e5b5a09,3600.0,125,TRUE,mrf,filter,Q6,p,FALSE,,2
7,60a789fc2b3db698c9ed5ec2,1611.0,95,TRUE,lambda,lambda,Q1,p,FALSE,1,4
7,60a789fc2b3db698c9ed5ec2,1611.0,95,TRUE,lambda,lambda,Q2,f,TRUE,2,4
7,60a789fc2b3db698c9ed5ec2,1611.0,95,TRUE,comp,comp,Q3,p,TRUE,4,4
7,60a789fc2b3db698c9ed5ec2,1611.0,95,TRUE,comp,comp,Q4,f,FALSE,2,4
7,60a789fc2b3db698c9ed5ec2,1611.0,95,TRUE,mrf,map,Q5,f,TRUE,,3
7,60a789fc2b3db698c9ed5ec2,1611.0,95,TRUE,mrf,filter,Q6,p,FALSE,,3
7,63f77d4f671167ec16eee15c,1569.0,15,TRUE,lambda,lambda,Q1,p,TRUE,1,2
7,63f77d4f671167ec16eee15c,1569.0,15,TRUE,lambda,lambda,Q2,f,TRUE,2,2
7,63f77d4f671167ec16eee15c,1569.0,15,TRUE,comp,comp,Q3,p,FALSE,4,3
7,63f77d4f671167ec16eee15c,1569.0,15,TRUE,comp,comp,Q4,f,TRUE,2,3
7,63f77d4f671167ec16eee15c,1569.0,15,TRUE,mrf,map,Q5,f,TRUE,,1
7,63f77d4f671167ec16eee15c,1569.0,15,TRUE,mrf,filter,Q6,p,FALSE,,1
7,63462702dc8bcdd95324dd18,3171.0,82,TRUE,lambda,lambda,Q1,p,FALSE,1,1
7,63462702dc8bcdd95324dd18,3171.0,82,TRUE,lambda,lambda,Q2,f,TRUE,2,1
7,63462702dc8bcdd95324dd18,3171.0,82,TRUE,comp,comp,Q3,p,TRUE,4,2
7,63462702dc8bcdd95324dd18,3171.0,82,TRUE,comp,comp,Q4,f,TRUE,2,2
7,63462702dc8bcdd95324dd18,3171.0,82,TRUE,mrf,map,Q5,f,FALSE,,1
7,63462702dc8bcdd95324dd18,3171.0,82,TRUE,mrf,filter,Q6,p,FALSE,,1
7,5aeb4e9b08e2f00001083199,1781.0,709,TRUE,lambda,lambda,Q1,p,TRUE,1,1
7,5aeb4e9b08e2f00001083199,1781.0,709,TRUE,lambda,lambda,Q2,f,TRUE,2,1
7,5aeb4e9b08e2f00001083199,1781.0,709,TRUE,comp,comp,Q3,p,FALSE,4,2
7,5aeb4e9b08e2f00001083199,1781.0,709,TRUE,comp,comp,Q4,f,TRUE,2,2
7,5aeb4e9b08e2f00001083199,1781.0,709,TRUE,mrf,map,Q5,f,TRUE,,2
7,5aeb4e9b08e2f00001083199,1781.0,709,TRUE,mrf,filter,Q6,p,FALSE,,2
7,5ed8f768fd2b9c0705700c30,936.0,204,TRUE,lambda,lambda,Q1,p,TRUE,1,3
7,5ed8f768fd2b9c0705700c30,936.0,204,TRUE,lambda,lambda,Q2,f,TRUE,2,3
7,5ed8f768fd2b9c0705700c30,936.0,204,TRUE,comp,comp,Q3,p,FALSE,4,2
7,5ed8f768fd2b9c0705700c30,936.0,204,TRUE,comp,comp,Q4,f,TRUE,2,2
7,5ed8f768fd2b9c0705700c30,936.0,204,TRUE,mrf,map,Q5,f,TRUE,,3
7,5ed8f768fd2b9c0705700c30,936.0,204,TRUE,mrf,filter,Q6,p,FALSE,,3
7,5fad28d8cf22483c1433ca0f,3977.0,89,TRUE,lambda,lambda,Q1,p,FALSE,1,2
7,5fad28d8cf22483c1433ca0f,3977.0,89,TRUE,lambda,lambda,Q2,f,TRUE,2,2
7,5fad28d8cf22483c1433ca0f,3977.0,89,TRUE,comp,comp,Q3,p,FALSE,4,2
7,5fad28d8cf22483c1433ca0f,3977.0,89,TRUE,comp,comp,Q4,f,FALSE,2,2
7,5fad28d8cf22483c1433ca0f,3977.0,89,TRUE,mrf,map,Q5,f,TRUE,,2
7,5fad28d8cf22483c1433ca0f,3977.0,89,TRUE,mrf,filter,Q6,p,FALSE,,2
7,5ffe18439eaac2482ba1bb83,3634.0,79,TRUE,lambda,lambda,Q1,p,FALSE,1,1
7,5ffe18439eaac2482ba1bb83,3634.0,79,TRUE,lambda,lambda,Q2,f,TRUE,2,1
7,5ffe18439eaac2482ba1bb83,3634.0,79,TRUE,comp,comp,Q3,p,TRUE,4,1
7,5ffe18439eaac2482ba1bb83,3634.0,79,TRUE,comp,comp,Q4,f,FALSE,2,1
7,5ffe18439eaac2482ba1bb83,3634.0,79,TRUE,mrf,map,Q5,f,FALSE,,2
7,5ffe18439eaac2482ba1bb83,3634.0,79,TRUE,mrf,filter,Q6,p,FALSE,,2
7,61768384731ac05202ee94a9,2513.0,93,TRUE,lambda,lambda,Q1,p,FALSE,1,1
7,61768384731ac05202ee94a9,2513.0,93,TRUE,lambda,lambda,Q2,f,FALSE,2,1
7,61768384731ac05202ee94a9,2513.0,93,TRUE,comp,comp,Q3,p,TRUE,4,3
7,61768384731ac05202ee94a9,2513.0,93,TRUE,comp,comp,Q4,f,FALSE,2,3
7,61768384731ac05202ee94a9,2513.0,93,TRUE,mrf,map,Q5,f,FALSE,,1
7,61768384731ac05202ee94a9,2513.0,93,TRUE,mrf,filter,Q6,p,FALSE,,1
7,5f43b3e9afb00862d6451aa7,1383.0,186,TRUE,lambda,lambda,Q1,p,FALSE,1,3
7,5f43b3e9afb00862d6451aa7,1383.0,186,TRUE,lambda,lambda,Q2,f,TRUE,2,3
7,5f43b3e9afb00862d6451aa7,1383.0,186,TRUE,comp,comp,Q3,p,FALSE,4,3
7,5f43b3e9afb00862d6451aa7,1383.0,186,TRUE,comp,comp,Q4,f,FALSE,2,3
7,5f43b3e9afb00862d6451aa7,1383.0,186,TRUE,mrf,map,Q5,f,TRUE,,3
7,5f43b3e9afb00862d6451aa7,1383.0,186,TRUE,mrf,filter,Q6,p,FALSE,,3
7,611cf0fcb571ffef2625d948,75533.0,317,FALSE,lambda,lambda,Q1,p,FALSE,1,3
7,611cf0fcb571ffef2625d948,75533.0,317,FALSE,lambda,lambda,Q2,f,TRUE,2,3
7,611cf0fcb571ffef2625d948,75533.0,317,FALSE,comp,comp,Q3,p,FALSE,4,3
7,611cf0fcb571ffef2625d948,75533.0,317,FALSE,comp,comp,Q4,f,TRUE,2,3
7,611cf0fcb571ffef2625d948,75533.0,317,FALSE,mrf,map,Q5,f,TRUE,,3
7,611cf0fcb571ffef2625d948,75533.0,317,FALSE,mrf,filter,Q6,p,FALSE,,3
7,5f4929032619994494aecc64,1951.0,145,TRUE,lambda,lambda,Q1,p,FALSE,1,3
7,5f4929032619994494aecc64,1951.0,145,TRUE,lambda,lambda,Q2,f,TRUE,2,3
7,5f4929032619994494aecc64,1951.0,145,TRUE,comp,comp,Q3,p,TRUE,4,2
7,5f4929032619994494aecc64,1951.0,145,TRUE,comp,comp,Q4,f,TRUE,2,2
7,5f4929032619994494aecc64,1951.0,145,TRUE,mrf,map,Q5,f,TRUE,,3
7,5f4929032619994494aecc64,1951.0,145,TRUE,mrf,filter,Q6,p,FALSE,,3
7,63e39b6fb38368b0b13393a1,15212.0,9,TRUE,lambda,lambda,Q1,p,FALSE,1,3
7,63e39b6fb38368b0b13393a1,15212.0,9,TRUE,lambda,lambda,Q2,f,FALSE,2,3
7,63e39b6fb38368b0b13393a1,15212.0,9,TRUE,comp,comp,Q3,p,FALSE,4,2
7,63e39b6fb38368b0b13393a1,15212.0,9,TRUE,comp,comp,Q4,f,FALSE,2,2
7,63e39b6fb38368b0b13393a1,15212.0,9,TRUE,mrf,map,Q5,f,TRUE,,2
7,63e39b6fb38368b0b13393a1,15212.0,9,TRUE,mrf,filter,Q6,p,FALSE,,2
7,5d77bc0a4503c30001c724b8,2479.0,353,TRUE,lambda,lambda,Q1,p,FALSE,1,2
7,5d77bc0a4503c30001c724b8,2479.0,353,TRUE,lambda,lambda,Q2,f,FALSE,2,2
7,5d77bc0a4503c30001c724b8,2479.0,353,TRUE,comp,comp,Q3,p,FALSE,4,2
7,5d77bc0a4503c30001c724b8,2479.0,353,TRUE,comp,comp,Q4,f,TRUE,2,2
7,5d77bc0a4503c30001c724b8,2479.0,353,TRUE,mrf,map,Q5,f,TRUE,,1
7,5d77bc0a4503c30001c724b8,2479.0,353,TRUE,mrf,filter,Q6,p,FALSE,,1
7,5e67c9a8e2038107da33bd33,3281.0,375,TRUE,lambda,lambda,Q1,p,TRUE,1,3
7,5e67c9a8e2038107da33bd33,3281.0,375,TRUE,lambda,lambda,Q2,f,TRUE,2,3
7,5e67c9a8e2038107da33bd33,3281.0,375,TRUE,comp,comp,Q3,p,FALSE,4,4
7,5e67c9a8e2038107da33bd33,3281.0,375,TRUE,comp,comp,Q4,f,FALSE,2,4
7,5e67c9a8e2038107da33bd33,3281.0,375,TRUE,mrf,map,Q5,f,TRUE,,3
7,5e67c9a8e2038107da33bd33,3281.0,375,TRUE,mrf,filter,Q6,p,FALSE,,3
7,608e8f033dfa4cde61c14def,3421.0,59,TRUE,lambda,lambda,Q1,p,FALSE,1,2
7,608e8f033dfa4cde61c14def,3421.0,59,TRUE,lambda,lambda,Q2,f,TRUE,2,2
7,608e8f033dfa4cde61c14def,3421.0,59,TRUE,comp,comp,Q3,p,TRUE,4,2
7,608e8f033dfa4cde61c14def,3421.0,59,TRUE,comp,comp,Q4,f,FALSE,2,2
7,608e8f033dfa4cde61c14def,3421.0,59,TRUE,mrf,map,Q5,f,FALSE,,3
7,608e8f033dfa4cde61c14def,3421.0,59,TRUE,mrf,filter,Q6,p,FALSE,,3
7,6144b76aedae028c523b3071,2020.0,59,TRUE,lambda,lambda,Q1,p,FALSE,1,2
7,6144b76aedae028c523b3071,2020.0,59,TRUE,lambda,lambda,Q2,f,TRUE,2,2
7,6144b76aedae028c523b3071,2020.0,59,TRUE,comp,comp,Q3,p,FALSE,4,3
7,6144b76aedae028c523b3071,2020.0,59,TRUE,comp,comp,Q4,f,FALSE,2,3
7,6144b76aedae028c523b3071,2020.0,59,TRUE,mrf,map,Q5,f,TRUE,,2
7,6144b76aedae028c523b3071,2020.0,59,TRUE,mrf,filter,Q6,p,FALSE,,2
7,5e1a3047f499242ad94c34cb,4032.0,200,TRUE,lambda,lambda,Q1,p,FALSE,1,1
7,5e1a3047f499242ad94c34cb,4032.0,200,TRUE,lambda,lambda,Q2,f,TRUE,2,1
7,5e1a3047f499242ad94c34cb,4032.0,200,TRUE,comp,comp,Q3,p,TRUE,4,2
7,5e1a3047f499242ad94c34cb,4032.0,200,TRUE,comp,comp,Q4,f,TRUE,2,2
7,5e1a3047f499242ad94c34cb,4032.0,200,TRUE,mrf,map,Q5,f,TRUE,,3
7,5e1a3047f499242ad94c34cb,4032.0,200,TRUE,mrf,filter,Q6,p,FALSE,,3
8,610ad48f9802f88b11b0cdbd,2131.0,184,TRUE,lambda,lambda,Q1,f,TRUE,2,3
8,610ad48f9802f88b11b0cdbd,2131.0,184,TRUE,lambda,lambda,Q2,p,TRUE,1,3
8,610ad48f9802f88b11b0cdbd,2131.0,184,TRUE,comp,comp,Q3,f,TRUE,4,3
8,610ad48f9802f88b11b0cdbd,2131.0,184,TRUE,comp,comp,Q4,p,TRUE,2,3
8,610ad48f9802f88b11b0cdbd,2131.0,184,TRUE,mrf,map,Q5,p,TRUE,,3
8,610ad48f9802f88b11b0cdbd,2131.0,184,TRUE,mrf,filter,Q6,f,FALSE,,3
8,5e73a06ba19f20065b434f3b,1951.0,61,TRUE,lambda,lambda,Q1,f,FALSE,2,3
8,5e73a06ba19f20065b434f3b,1951.0,61,TRUE,lambda,lambda,Q2,p,TRUE,1,3
8,5e73a06ba19f20065b434f3b,1951.0,61,TRUE,comp,comp,Q3,f,FALSE,4,1
8,5e73a06ba19f20065b434f3b,1951.0,61,TRUE,comp,comp,Q4,p,FALSE,2,1
8,5e73a06ba19f20065b434f3b,1951.0,61,TRUE,mrf,map,Q5,p,TRUE,,2
8,5e73a06ba19f20065b434f3b,1951.0,61,TRUE,mrf,filter,Q6,f,FALSE,,2
8,5fabca68273dd403ab40e361,3840.0,60,TRUE,lambda,lambda,Q1,f,TRUE,2,1
8,5fabca68273dd403ab40e361,3840.0,60,TRUE,lambda,lambda,Q2,p,FALSE,1,1
8,5fabca68273dd403ab40e361,3840.0,60,TRUE,comp,comp,Q3,f,TRUE,4,2
8,5fabca68273dd403ab40e361,3840.0,60,TRUE,comp,comp,Q4,p,FALSE,2,2
8,5fabca68273dd403ab40e361,3840.0,60,TRUE,mrf,map,Q5,p,TRUE,,1
8,5fabca68273dd403ab40e361,3840.0,60,TRUE,mrf,filter,Q6,f,FALSE,,1
8,60b7ba1e60b515c11cbbb203,2641.0,629,TRUE,lambda,lambda,Q1,f,TRUE,2,1
8,60b7ba1e60b515c11cbbb203,2641.0,629,TRUE,lambda,lambda,Q2,p,FALSE,1,1
8,60b7ba1e60b515c11cbbb203,2641.0,629,TRUE,comp,comp,Q3,f,TRUE,4,1
8,60b7ba1e60b515c11cbbb203,2641.0,629,TRUE,comp,comp,Q4,p,FALSE,2,1
8,60b7ba1e60b515c11cbbb203,2641.0,629,TRUE,mrf,map,Q5,p,FALSE,,2
8,60b7ba1e60b515c11cbbb203,2641.0,629,TRUE,mrf,filter,Q6,f,FALSE,,2
8,63bd8261f9ab3c6e3eceeff8,800.0,106,TRUE,lambda,lambda,Q1,f,FALSE,2,3
8,63bd8261f9ab3c6e3eceeff8,800.0,106,TRUE,lambda,lambda,Q2,p,TRUE,1,3
8,63bd8261f9ab3c6e3eceeff8,800.0,106,TRUE,comp,comp,Q3,f,FALSE,4,3
8,63bd8261f9ab3c6e3eceeff8,800.0,106,TRUE,comp,comp,Q4,p,FALSE,2,3
8,63bd8261f9ab3c6e3eceeff8,800.0,106,TRUE,mrf,map,Q5,p,TRUE,,2
8,63bd8261f9ab3c6e3eceeff8,800.0,106,TRUE,mrf,filter,Q6,f,FALSE,,2
8,5f689679cc2af84fa2c57263,882.0,735,TRUE,lambda,lambda,Q1,f,FALSE,2,2
8,5f689679cc2af84fa2c57263,882.0,735,TRUE,lambda,lambda,Q2,p,FALSE,1,2
8,5f689679cc2af84fa2c57263,882.0,735,TRUE,comp,comp,Q3,f,TRUE,4,2
8,5f689679cc2af84fa2c57263,882.0,735,TRUE,comp,comp,Q4,p,FALSE,2,2
8,5f689679cc2af84fa2c57263,882.0,735,TRUE,mrf,map,Q5,p,FALSE,,4
8,5f689679cc2af84fa2c57263,882.0,735,TRUE,mrf,filter,Q6,f,FALSE,,4
8,602a50958defe00009a84b2a,3016.0,80,TRUE,lambda,lambda,Q1,f,FALSE,2,2
8,602a50958defe00009a84b2a,3016.0,80,TRUE,lambda,lambda,Q2,p,TRUE,1,2
8,602a50958defe00009a84b2a,3016.0,80,TRUE,comp,comp,Q3,f,TRUE,4,3
8,602a50958defe00009a84b2a,3016.0,80,TRUE,comp,comp,Q4,p,TRUE,2,3
8,602a50958defe00009a84b2a,3016.0,80,TRUE,mrf,map,Q5,p,TRUE,,3
8,602a50958defe00009a84b2a,3016.0,80,TRUE,mrf,filter,Q6,f,FALSE,,3
8,62cc7b2c3512b11e3621b7ee,2473.0,232,TRUE,lambda,lambda,Q1,f,FALSE,2,2
8,62cc7b2c3512b11e3621b7ee,2473.0,232,TRUE,lambda,lambda,Q2,p,FALSE,1,2
8,62cc7b2c3512b11e3621b7ee,2473.0,232,TRUE,comp,comp,Q3,f,TRUE,4,3
8,62cc7b2c3512b11e3621b7ee,2473.0,232,TRUE,comp,comp,Q4,p,FALSE,2,3
8,62cc7b2c3512b11e3621b7ee,2473.0,232,TRUE,mrf,map,Q5,p,TRUE,,3
8,62cc7b2c3512b11e3621b7ee,2473.0,232,TRUE,mrf,filter,Q6,f,FALSE,,3
8,5ec53b28be5c9d2fd7d624f4,2583.0,157,TRUE,lambda,lambda,Q1,f,FALSE,2,2
8,5ec53b28be5c9d2fd7d624f4,2583.0,157,TRUE,lambda,lambda,Q2,p,TRUE,1,2
8,5ec53b28be5c9d2fd7d624f4,2583.0,157,TRUE,comp,comp,Q3,f,TRUE,4,1
8,5ec53b28be5c9d2fd7d624f4,2583.0,157,TRUE,comp,comp,Q4,p,FALSE,2,1
8,5ec53b28be5c9d2fd7d624f4,2583.0,157,TRUE,mrf,map,Q5,p,TRUE,,1
8,5ec53b28be5c9d2fd7d624f4,2583.0,157,TRUE,mrf,filter,Q6,f,FALSE,,1
8,5dbca1ef74145024a01ab19d,4515.0,278,TRUE,lambda,lambda,Q1,f,FALSE,2,1
8,5dbca1ef74145024a01ab19d,4515.0,278,TRUE,lambda,lambda,Q2,p,TRUE,1,1
8,5dbca1ef74145024a01ab19d,4515.0,278,TRUE,comp,comp,Q3,f,TRUE,4,2
8,5dbca1ef74145024a01ab19d,4515.0,278,TRUE,comp,comp,Q4,p,TRUE,2,2
8,5dbca1ef74145024a01ab19d,4515.0,278,TRUE,mrf,map,Q5,p,TRUE,,1
8,5dbca1ef74145024a01ab19d,4515.0,278,TRUE,mrf,filter,Q6,f,FALSE,,1
8,5f46d480bf76700acde7784d,3715.0,324,TRUE,lambda,lambda,Q1,f,FALSE,2,1
8,5f46d480bf76700acde7784d,3715.0,324,TRUE,lambda,lambda,Q2,p,TRUE,1,1
8,5f46d480bf76700acde7784d,3715.0,324,TRUE,comp,comp,Q3,f,FALSE,4,4
8,5f46d480bf76700acde7784d,3715.0,324,TRUE,comp,comp,Q4,p,FALSE,2,4
8,5f46d480bf76700acde7784d,3715.0,324,TRUE,mrf,map,Q5,p,FALSE,,1
8,5f46d480bf76700acde7784d,3715.0,324,TRUE,mrf,filter,Q6,f,FALSE,,1
8,5e568b01892fc403af96380e,3052.0,72,TRUE,lambda,lambda,Q1,f,FALSE,2,3
8,5e568b01892fc403af96380e,3052.0,72,TRUE,lambda,lambda,Q2,p,TRUE,1,3
8,5e568b01892fc403af96380e,3052.0,72,TRUE,comp,comp,Q3,f,TRUE,4,2
8,5e568b01892fc403af96380e,3052.0,72,TRUE,comp,comp,Q4,p,TRUE,2,2
8,5e568b01892fc403af96380e,3052.0,72,TRUE,mrf,map,Q5,p,TRUE,,3
8,5e568b01892fc403af96380e,3052.0,72,TRUE,mrf,filter,Q6,f,FALSE,,3
8,5f3d95c672685318fa46d2a0,1157.0,135,TRUE,lambda,lambda,Q1,f,FALSE,2,1
8,5f3d95c672685318fa46d2a0,1157.0,135,TRUE,lambda,lambda,Q2,p,TRUE,1,1
8,5f3d95c672685318fa46d2a0,1157.0,135,TRUE,comp,comp,Q3,f,FALSE,4,2
8,5f3d95c672685318fa46d2a0,1157.0,135,TRUE,comp,comp,Q4,p,FALSE,2,2
8,5f3d95c672685318fa46d2a0,1157.0,135,TRUE,mrf,map,Q5,p,FALSE,,2
8,5f3d95c672685318fa46d2a0,1157.0,135,TRUE,mrf,filter,Q6,f,FALSE,,2
8,6400d9ce1531527b1424fdd6,1077.0,1,TRUE,lambda,lambda,Q1,f,TRUE,2,2
8,6400d9ce1531527b1424fdd6,1077.0,1,TRUE,lambda,lambda,Q2,p,TRUE,1,2
8,6400d9ce1531527b1424fdd6,1077.0,1,TRUE,comp,comp,Q3,f,FALSE,4,3
8,6400d9ce1531527b1424fdd6,1077.0,1,TRUE,comp,comp,Q4,p,FALSE,2,3
8,6400d9ce1531527b1424fdd6,1077.0,1,TRUE,mrf,map,Q5,p,TRUE,,3
8,6400d9ce1531527b1424fdd6,1077.0,1,TRUE,mrf,filter,Q6,f,FALSE,,3
8,60ba8efa64517d05f7020bff,3007.0,113,TRUE,lambda,lambda,Q1,f,TRUE,2,2
8,60ba8efa64517d05f7020bff,3007.0,113,TRUE,lambda,lambda,Q2,p,FALSE,1,2
8,60ba8efa64517d05f7020bff,3007.0,113,TRUE,comp,comp,Q3,f,TRUE,4,3
8,60ba8efa64517d05f7020bff,3007.0,113,TRUE,comp,comp,Q4,p,TRUE,2,3
8,60ba8efa64517d05f7020bff,3007.0,113,TRUE,mrf,map,Q5,p,TRUE,,1
8,60ba8efa64517d05f7020bff,3007.0,113,TRUE,mrf,filter,Q6,f,FALSE,,1
8,5f48ca31022f3f277c446dcb,2197.0,55,TRUE,lambda,lambda,Q1,f,FALSE,2,2
8,5f48ca31022f3f277c446dcb,2197.0,55,TRUE,lambda,lambda,Q2,p,FALSE,1,2
8,5f48ca31022f3f277c446dcb,2197.0,55,TRUE,comp,comp,Q3,f,FALSE,4,3
8,5f48ca31022f3f277c446dcb,2197.0,55,TRUE,comp,comp,Q4,p,TRUE,2,3
8,5f48ca31022f3f277c446dcb,2197.0,55,TRUE,mrf,map,Q5,p,TRUE,,2
8,5f48ca31022f3f277c446dcb,2197.0,55,TRUE,mrf,filter,Q6,f,FALSE,,2
8,6401f9ce7858bad42f0b52d9,4070.0,1,TRUE,lambda,lambda,Q1,f,FALSE,2,1
8,6401f9ce7858bad42f0b52d9,4070.0,1,TRUE,lambda,lambda,Q2,p,FALSE,1,1
8,6401f9ce7858bad42f0b52d9,4070.0,1,TRUE,comp,comp,Q3,f,TRUE,4,3
8,6401f9ce7858bad42f0b52d9,4070.0,1,TRUE,comp,comp,Q4,p,FALSE,2,3
8,6401f9ce7858bad42f0b52d9,4070.0,1,TRUE,mrf,map,Q5,p,TRUE,,1
8,6401f9ce7858bad42f0b52d9,4070.0,1,TRUE,mrf,filter,Q6,f,FALSE,,1
8,6065c673e4123136c775000f,5508.0,22,TRUE,lambda,lambda,Q1,f,FALSE,2,3
8,6065c673e4123136c775000f,5508.0,22,TRUE,lambda,lambda,Q2,p,TRUE,1,3
8,6065c673e4123136c775000f,5508.0,22,TRUE,comp,comp,Q3,f,FALSE,4,2
8,6065c673e4123136c775000f,5508.0,22,TRUE,comp,comp,Q4,p,TRUE,2,2
8,6065c673e4123136c775000f,5508.0,22,TRUE,mrf,map,Q5,p,TRUE,,2
8,6065c673e4123136c775000f,5508.0,22,TRUE,mrf,filter,Q6,f,FALSE,,2
8,6026bdfaf5361f3d0273bb9c,4082.0,84,TRUE,lambda,lambda,Q1,f,TRUE,2,2
8,6026bdfaf5361f3d0273bb9c,4082.0,84,TRUE,lambda,lambda,Q2,p,FALSE,1,2
8,6026bdfaf5361f3d0273bb9c,4082.0,84,TRUE,comp,comp,Q3,f,TRUE,4,1
8,6026bdfaf5361f3d0273bb9c,4082.0,84,TRUE,comp,comp,Q4,p,FALSE,2,1
8,6026bdfaf5361f3d0273bb9c,4082.0,84,TRUE,mrf,map,Q5,p,TRUE,,1
8,6026bdfaf5361f3d0273bb9c,4082.0,84,TRUE,mrf,filter,Q6,f,FALSE,,1
8,5efef75c2da8b4410db86037,1071.0,68,TRUE,lambda,lambda,Q1,f,FALSE,2,3
8,5efef75c2da8b4410db86037,1071.0,68,TRUE,lambda,lambda,Q2,p,TRUE,1,3
8,5efef75c2da8b4410db86037,1071.0,68,TRUE,comp,comp,Q3,f,FALSE,4,2
8,5efef75c2da8b4410db86037,1071.0,68,TRUE,comp,comp,Q4,p,FALSE,2,2
8,5efef75c2da8b4410db86037,1071.0,68,TRUE,mrf,map,Q5,p,TRUE,,2
8,5efef75c2da8b4410db86037,1071.0,68,TRUE,mrf,filter,Q6,f,FALSE,,2
9,5f8a434256536a0fe2e01e78,998.0,211,TRUE,lambda,lambda,Q1,p,FALSE,2,2
9,5f8a434256536a0fe2e01e78,998.0,211,TRUE,lambda,lambda,Q2,f,TRUE,0,2
9,5f8a434256536a0fe2e01e78,998.0,211,TRUE,comp,comp,Q3,p,FALSE,2,3
9,5f8a434256536a0fe2e01e78,998.0,211,TRUE,comp,comp,Q4,f,FALSE,5,3
9,5f8a434256536a0fe2e01e78,998.0,211,TRUE,mrf,filter,Q5,f,TRUE,,3
9,5f8a434256536a0fe2e01e78,998.0,211,TRUE,mrf,reduce,Q6,p,FALSE,,3
9,5fcfba90c8ec13123bfa1b31,2200.0,198,TRUE,lambda,lambda,Q1,p,TRUE,2,3
9,5fcfba90c8ec13123bfa1b31,2200.0,198,TRUE,lambda,lambda,Q2,f,TRUE,0,3
9,5fcfba90c8ec13123bfa1b31,2200.0,198,TRUE,comp,comp,Q3,p,TRUE,2,3
9,5fcfba90c8ec13123bfa1b31,2200.0,198,TRUE,comp,comp,Q4,f,TRUE,5,3
9,5fcfba90c8ec13123bfa1b31,2200.0,198,TRUE,mrf,filter,Q5,f,TRUE,,3
9,5fcfba90c8ec13123bfa1b31,2200.0,198,TRUE,mrf,reduce,Q6,p,FALSE,,3
9,60256b89e73d400b6508a2f0,3507.0,2,TRUE,lambda,lambda,Q1,p,TRUE,2,1
9,60256b89e73d400b6508a2f0,3507.0,2,TRUE,lambda,lambda,Q2,f,TRUE,0,1
9,60256b89e73d400b6508a2f0,3507.0,2,TRUE,comp,comp,Q3,p,TRUE,2,3
9,60256b89e73d400b6508a2f0,3507.0,2,TRUE,comp,comp,Q4,f,FALSE,5,3
9,60256b89e73d400b6508a2f0,3507.0,2,TRUE,mrf,filter,Q5,f,TRUE,,1
9,60256b89e73d400b6508a2f0,3507.0,2,TRUE,mrf,reduce,Q6,p,FALSE,,1
9,5d9202439796b3001772abb1,2727.0,202,TRUE,lambda,lambda,Q1,p,TRUE,2,2
9,5d9202439796b3001772abb1,2727.0,202,TRUE,lambda,lambda,Q2,f,FALSE,0,2
9,5d9202439796b3001772abb1,2727.0,202,TRUE,comp,comp,Q3,p,TRUE,2,3
9,5d9202439796b3001772abb1,2727.0,202,TRUE,comp,comp,Q4,f,FALSE,5,3
9,5d9202439796b3001772abb1,2727.0,202,TRUE,mrf,filter,Q5,f,FALSE,,3
9,5d9202439796b3001772abb1,2727.0,202,TRUE,mrf,reduce,Q6,p,FALSE,,3
9,5da347d5f26c300013fd9850,2124.0,205,TRUE,lambda,lambda,Q1,p,FALSE,2,2
9,5da347d5f26c300013fd9850,2124.0,205,TRUE,lambda,lambda,Q2,f,FALSE,0,2
9,5da347d5f26c300013fd9850,2124.0,205,TRUE,comp,comp,Q3,p,TRUE,2,2
9,5da347d5f26c300013fd9850,2124.0,205,TRUE,comp,comp,Q4,f,TRUE,5,2
9,5da347d5f26c300013fd9850,2124.0,205,TRUE,mrf,filter,Q5,f,FALSE,,3
9,5da347d5f26c300013fd9850,2124.0,205,TRUE,mrf,reduce,Q6,p,FALSE,,3
9,630505b4104867e588c31100,484.0,434,FALSE,lambda,lambda,Q1,p,FALSE,2,1
9,630505b4104867e588c31100,484.0,434,FALSE,lambda,lambda,Q2,f,TRUE,0,1
9,630505b4104867e588c31100,484.0,434,FALSE,comp,comp,Q3,p,FALSE,2,2
9,630505b4104867e588c31100,484.0,434,FALSE,comp,comp,Q4,f,TRUE,5,2
9,630505b4104867e588c31100,484.0,434,FALSE,mrf,filter,Q5,f,TRUE,,1
9,630505b4104867e588c31100,484.0,434,FALSE,mrf,reduce,Q6,p,FALSE,,1
9,60123adc24c9f126819861b6,3626.0,160,TRUE,lambda,lambda,Q1,p,TRUE,2,3
9,60123adc24c9f126819861b6,3626.0,160,TRUE,lambda,lambda,Q2,f,TRUE,0,3
9,60123adc24c9f126819861b6,3626.0,160,TRUE,comp,comp,Q3,p,FALSE,2,2
9,60123adc24c9f126819861b6,3626.0,160,TRUE,comp,comp,Q4,f,TRUE,5,2
9,60123adc24c9f126819861b6,3626.0,160,TRUE,mrf,filter,Q5,f,TRUE,,2
9,60123adc24c9f126819861b6,3626.0,160,TRUE,mrf,reduce,Q6,p,TRUE,,2
9,6401a867e13fde7e548c81cd,1086.0,8,TRUE,lambda,lambda,Q1,p,FALSE,2,4
9,6401a867e13fde7e548c81cd,1086.0,8,TRUE,lambda,lambda,Q2,f,FALSE,0,4
9,6401a867e13fde7e548c81cd,1086.0,8,TRUE,comp,comp,Q3,p,FALSE,2,4
9,6401a867e13fde7e548c81cd,1086.0,8,TRUE,comp,comp,Q4,f,FALSE,5,4
9,6401a867e13fde7e548c81cd,1086.0,8,TRUE,mrf,filter,Q5,f,TRUE,,4
9,6401a867e13fde7e548c81cd,1086.0,8,TRUE,mrf,reduce,Q6,p,FALSE,,4
9,5ed7bb86f5de7b26d3fe2732,1441.0,568,TRUE,lambda,lambda,Q1,p,TRUE,2,2
9,5ed7bb86f5de7b26d3fe2732,1441.0,568,TRUE,lambda,lambda,Q2,f,FALSE,0,2
9,5ed7bb86f5de7b26d3fe2732,1441.0,568,TRUE,comp,comp,Q3,p,FALSE,2,3
9,5ed7bb86f5de7b26d3fe2732,1441.0,568,TRUE,comp,comp,Q4,f,TRUE,5,3
9,5ed7bb86f5de7b26d3fe2732,1441.0,568,TRUE,mrf,filter,Q5,f,TRUE,,2
9,5ed7bb86f5de7b26d3fe2732,1441.0,568,TRUE,mrf,reduce,Q6,p,FALSE,,2
9,62850a6eadd348a0d992f79e,2226.0,24,TRUE,lambda,lambda,Q1,p,TRUE,2,2
9,62850a6eadd348a0d992f79e,2226.0,24,TRUE,lambda,lambda,Q2,f,FALSE,0,2
9,62850a6eadd348a0d992f79e,2226.0,24,TRUE,comp,comp,Q3,p,TRUE,2,3
9,62850a6eadd348a0d992f79e,2226.0,24,TRUE,comp,comp,Q4,f,FALSE,5,3
9,62850a6eadd348a0d992f79e,2226.0,24,TRUE,mrf,filter,Q5,f,FALSE,,2
9,62850a6eadd348a0d992f79e,2226.0,24,TRUE,mrf,reduce,Q6,p,FALSE,,2
9,60883766acd5f17fc99e1f4d,1992.0,69,TRUE,lambda,lambda,Q1,p,TRUE,2,2
9,60883766acd5f17fc99e1f4d,1992.0,69,TRUE,lambda,lambda,Q2,f,TRUE,0,2
9,60883766acd5f17fc99e1f4d,1992.0,69,TRUE,comp,comp,Q3,p,FALSE,2,4
9,60883766acd5f17fc99e1f4d,1992.0,69,TRUE,comp,comp,Q4,f,TRUE,5,4
9,60883766acd5f17fc99e1f4d,1992.0,69,TRUE,mrf,filter,Q5,f,FALSE,,2
9,60883766acd5f17fc99e1f4d,1992.0,69,TRUE,mrf,reduce,Q6,p,FALSE,,2
9,6353069d90846b240df0b431,2706.0,313,TRUE,lambda,lambda,Q1,p,FALSE,2,1
9,6353069d90846b240df0b431,2706.0,313,TRUE,lambda,lambda,Q2,f,FALSE,0,1
9,6353069d90846b240df0b431,2706.0,313,TRUE,comp,comp,Q3,p,FALSE,2,1
9,6353069d90846b240df0b431,2706.0,313,TRUE,comp,comp,Q4,f,TRUE,5,1
9,6353069d90846b240df0b431,2706.0,313,TRUE,mrf,filter,Q5,f,FALSE,,2
9,6353069d90846b240df0b431,2706.0,313,TRUE,mrf,reduce,Q6,p,TRUE,,2
9,613a4c107aa06a1c3d00b6c2,2355.0,137,TRUE,lambda,lambda,Q1,p,TRUE,2,1
9,613a4c107aa06a1c3d00b6c2,2355.0,137,TRUE,lambda,lambda,Q2,f,TRUE,0,1
9,613a4c107aa06a1c3d00b6c2,2355.0,137,TRUE,comp,comp,Q3,p,FALSE,2,2
9,613a4c107aa06a1c3d00b6c2,2355.0,137,TRUE,comp,comp,Q4,f,FALSE,5,2
9,613a4c107aa06a1c3d00b6c2,2355.0,137,TRUE,mrf,filter,Q5,f,FALSE,,1
9,613a4c107aa06a1c3d00b6c2,2355.0,137,TRUE,mrf,reduce,Q6,p,FALSE,,1
9,5f5b981571abb22f48fa0b56,1459.0,102,TRUE,lambda,lambda,Q1,p,FALSE,2,2
9,5f5b981571abb22f48fa0b56,1459.0,102,TRUE,lambda,lambda,Q2,f,TRUE,0,2
9,5f5b981571abb22f48fa0b56,1459.0,102,TRUE,comp,comp,Q3,p,TRUE,2,2
9,5f5b981571abb22f48fa0b56,1459.0,102,TRUE,comp,comp,Q4,f,TRUE,5,2
9,5f5b981571abb22f48fa0b56,1459.0,102,TRUE,mrf,filter,Q5,f,FALSE,,1
9,5f5b981571abb22f48fa0b56,1459.0,102,TRUE,mrf,reduce,Q6,p,FALSE,,1
9,6298d6f2015f1d50783c0ed9,2669.0,14,TRUE,lambda,lambda,Q1,p,TRUE,2,1
9,6298d6f2015f1d50783c0ed9,2669.0,14,TRUE,lambda,lambda,Q2,f,FALSE,0,1
9,6298d6f2015f1d50783c0ed9,2669.0,14,TRUE,comp,comp,Q3,p,FALSE,2,2
9,6298d6f2015f1d50783c0ed9,2669.0,14,TRUE,comp,comp,Q4,f,TRUE,5,2
9,6298d6f2015f1d50783c0ed9,2669.0,14,TRUE,mrf,filter,Q5,f,FALSE,,1
9,6298d6f2015f1d50783c0ed9,2669.0,14,TRUE,mrf,reduce,Q6,p,FALSE,,1
9,611fbbd36a589e49375364da,5192.0,78,TRUE,lambda,lambda,Q1,p,TRUE,2,2
9,611fbbd36a589e49375364da,5192.0,78,TRUE,lambda,lambda,Q2,f,TRUE,0,2
9,611fbbd36a589e49375364da,5192.0,78,TRUE,comp,comp,Q3,p,TRUE,2,2
9,611fbbd36a589e49375364da,5192.0,78,TRUE,comp,comp,Q4,f,TRUE,5,2
9,611fbbd36a589e49375364da,5192.0,78,TRUE,mrf,filter,Q5,f,TRUE,,2
9,611fbbd36a589e49375364da,5192.0,78,TRUE,mrf,reduce,Q6,p,TRUE,,2
9,63487d50d1d4592517c32490,1200.0,36,TRUE,lambda,lambda,Q1,p,FALSE,2,3
9,63487d50d1d4592517c32490,1200.0,36,TRUE,lambda,lambda,Q2,f,TRUE,0,3
9,63487d50d1d4592517c32490,1200.0,36,TRUE,comp,comp,Q3,p,FALSE,2,3
9,63487d50d1d4592517c32490,1200.0,36,TRUE,comp,comp,Q4,f,FALSE,5,3
9,63487d50d1d4592517c32490,1200.0,36,TRUE,mrf,filter,Q5,f,TRUE,,3
9,63487d50d1d4592517c32490,1200.0,36,TRUE,mrf,reduce,Q6,p,FALSE,,3
9,62fb79546080c80631f15983,962.0,78,TRUE,lambda,lambda,Q1,p,TRUE,2,1
9,62fb79546080c80631f15983,962.0,78,TRUE,lambda,lambda,Q2,f,FALSE,0,1
9,62fb79546080c80631f15983,962.0,78,TRUE,comp,comp,Q3,p,TRUE,2,2
9,62fb79546080c80631f15983,962.0,78,TRUE,comp,comp,Q4,f,FALSE,5,2
9,62fb79546080c80631f15983,962.0,78,TRUE,mrf,filter,Q5,f,FALSE,,1
9,62fb79546080c80631f15983,962.0,78,TRUE,mrf,reduce,Q6,p,FALSE,,1
9,5e9fc1b9d09bbd170c2fa334,2800.0,253,TRUE,lambda,lambda,Q1,p,FALSE,2,3
9,5e9fc1b9d09bbd170c2fa334,2800.0,253,TRUE,lambda,lambda,Q2,f,TRUE,0,3
9,5e9fc1b9d09bbd170c2fa334,2800.0,253,TRUE,comp,comp,Q3,p,FALSE,2,2
9,5e9fc1b9d09bbd170c2fa334,2800.0,253,TRUE,comp,comp,Q4,f,TRUE,5,2
9,5e9fc1b9d09bbd170c2fa334,2800.0,253,TRUE,mrf,filter,Q5,f,TRUE,,2
9,5e9fc1b9d09bbd170c2fa334,2800.0,253,TRUE,mrf,reduce,Q6,p,FALSE,,2
9,64018874cca3f5902f36f686,2180.0,2,TRUE,lambda,lambda,Q1,p,FALSE,2,3
9,64018874cca3f5902f36f686,2180.0,2,TRUE,lambda,lambda,Q2,f,TRUE,0,3
9,64018874cca3f5902f36f686,2180.0,2,TRUE,comp,comp,Q3,p,FALSE,2,2
9,64018874cca3f5902f36f686,2180.0,2,TRUE,comp,comp,Q4,f,FALSE,5,2
9,64018874cca3f5902f36f686,2180.0,2,TRUE,mrf,filter,Q5,f,TRUE,,2
9,64018874cca3f5902f36f686,2180.0,2,TRUE,mrf,reduce,Q6,p,FALSE,,2